{"stats":{"minecraft:killed_by":{"minecraft:skeleton":1,"alexsmobs:grizzly_bear":1,"minecraft:drowned":1,"epicsamurai:kitsune":1},"minecraft:mined":{"iceandfire:copper_pile":6,"minecraft:crafting_table":3,"biomesoplenty:bush":1,"minecraft:grass_block":9,"minecraft:chest":4,"minecraft:tall_grass":2,"minecraft:oak_planks":2,"minecraft:wall_torch":1,"spelunkers_charm:rock_pile_3":1,"minecraft:coarse_dirt":1,"minecraft:furnace":3,"minecraft:iron_ore":2,"minecraft:sweet_berry_bush":3,"treechop:chopped_log":8,"biomesoplenty:fir_log":30,"minecraft:grass":15,"minecraft:bookshelf":17,"iceandfire:silver_pile":8,"minecraft:coal_ore":60,"minecraft:oak_log":2,"minecraft:dirt_path":1,"iceandfire:gold_pile":12,"biomesoplenty:fir_leaves":2,"minecraft:dirt":26,"minecraft:stone":26,"minecraft:stone_bricks":8,"minecraft:oak_leaves":2,"minecraft:fern":5},"minecraft:dropped":{"minecraft:stone_axe":1,"minecraft:wheat_seeds":1,"alexsmobs:banana_slug_slime":3,"minecraft:lilac":1,"tombstone:gift":1,"minecraft:feather":7,"minecraft:rotten_flesh":4,"minecraft:oak_planks":10,"minecraft:cobweb":1,"minecraft:oak_sapling":1,"minecraft:chest":1,"doggytalents:rice_grains":3,"minecraft:arrow":2,"minecraft:iron_shovel":2,"minecraft:bone":2},"minecraft:crafted":{"iceandfire:silver_axe":1,"minecraft:oak_planks":8,"epicsamurai:silver_ingot":3,"biomesoplenty:fir_boat":1,"minecraft:cooked_porkchop":5,"minecraft:crafting_table":1,"minecraft:furnace":1,"minecraft:copper_ingot":4,"minecraft:stone_axe":2,"naturalist:cooked_bass":3,"minecraft:air":0,"biomesoplenty:fir_planks":128,"minecraft:stone_pickaxe":1,"minecraft:gold_ingot":8,"minecraft:torch":8},"minecraft:broken":{"minecraft:stone_axe":1},"minecraft:picked_up":{"minecraft:coarse_dirt":1,"minecraft:crafting_table":2,"minecraft:feather":7,"minecraft:lilac":1,"minecraft:chicken":3,"minecraft:salmon":5,"minecraft:leather":8,"doggytalents:rice_grains":6,"biomesoplenty:fir_sapling":56,"biomesoplenty:fir_log":240,"minecraft:oak_log":2,"iceandfire:manuscript":29,"minecraft:string":2,"minecraft:dirt":67,"minecraft:paper":6,"tombstone:gift":1,"naturalist:bass":4,"minecraft:iron_shovel":3,"minecraft:bone":8,"minecraft:bow":1,"minecraft:wheat_seeds":3,"minecraft:gold_nugget":76,"minecraft:beef":13,"minecraft:cobweb":10,"minecraft:iron_pickaxe":1,"minecraft:chest":3,"minecraft:oak_planks":10,"minecraft:furnace":3,"minecraft:egg":4,"minecraft:book":48,"minecraft:raw_iron":2,"iceandfire:pixie_dust":1,"minecraft:stick":42,"iceandfire:copper_nugget":42,"minecraft:sweet_berries":10,"minecraft:torch":1,"epicfight:skillbook":1,"minecraft:porkchop":9,"iceandfire:rotten_egg":1,"minecraft:arrow":2,"minecraft:rotten_flesh":4,"iceandfire:lectern":3,"minecraft:chainmail_leggings":1,"minecraft:red_tulip":1,"minecraft:emerald":1,"alexsmobs:banana_slug_slime":3,"minecraft:oak_sapling":2,"spelunkers_charm:rock":3,"minecraft:mutton":4,"iceandfire:silver_nugget":32,"minecraft:coal":60,"minecraft:white_wool":1,"minecraft:cobblestone":29},"minecraft:custom":{"minecraft:interact_with_furnace":28,"minecraft:mob_kills":49,"minecraft:interact_with_crafting_table":20,"minecraft:eat_cake_slice":5,"minecraft:leave_game":3,"minecraft:time_since_death":6340,"minecraft:climb_one_cm":2861,"minecraft:time_since_rest":3941,"minecraft:sprint_one_cm":630623,"minecraft:damage_taken":3166,"minecraft:walk_one_cm":393408,"minecraft:drop":22,"minecraft:damage_dealt":5020,"minecraft:damage_dealt_absorbed":469,"minecraft:swim_one_cm":83986,"minecraft:fly_one_cm":1303219,"minecraft:talked_to_villager":3,"minecraft:play_time":95916,"minecraft:crouch_one_cm":11279,"minecraft:open_chest":29,"minecraft:sneak_time":2757,"tombstone:undead_killed":8,"minecraft:deaths":5,"minecraft:walk_under_water_one_cm":41088,"minecraft:jump":3071,"minecraft:interact_with_blast_furnace":1,"minecraft:walk_on_water_one_cm":29999,"minecraft:total_world_time":96247,"minecraft:fall_one_cm":72759,"minecraft:horse_one_cm":48},"minecraft:used":{"naturalist:bass":1,"epicfight:skillbook":1,"minecraft:iron_shovel":3,"minecraft:stone_pickaxe":99,"biomesoplenty:fir_planks":5,"biomesoplenty:fir_boat":1,"minecraft:torch":8,"minecraft:dirt":1,"minecraft:crafting_table":4,"naturalist:cooked_bass":3,"iceandfire:silver_axe":27,"minecraft:apple":16,"minecraft:red_tulip":1,"minecraft:iron_pickaxe":1,"minecraft:bread":25,"biomesoplenty:fir_sapling":10,"minecraft:stone_axe":214,"minecraft:sweet_berries":11,"minecraft:oak_sapling":1,"minecraft:furnace":3,"minecraft:cooked_porkchop":5,"minecraft:coarse_dirt":1,"minecraft:egg":4,"minecraft:potato":5,"biomesoplenty:fir_log":39},"minecraft:killed":{"minecraft:pig":5,"minecraft:salmon":7,"alexsmobs:seal":1,"minecraft:spider":1,"naturalist:robin":2,"epicsamurai:onibi":1,"minecraft:creeper":1,"minecraft:sheep":2,"minecraft:skeleton":3,"minecraft:donkey":2,"minecraft:zombie":5,"alexsmobs:banana_slug":2,"epicsamurai:tanuki":1,"minecraft:chicken":3,"naturalist:bass":4,"minecraft:cow":7}},"DataVersion":3465}