{"stats":{"minecraft:killed":{"minecraft:spider":3,"minecraft:skeleton":9,"naturalist:bass":15,"minecraft:drowned":1,"minecraft:pig":3,"minecraft:salmon":7,"minecraft:sheep":1,"minecraft:zombie":11,"minecraft:cow":5},"minecraft:mined":{"minecraft:tuff":5,"minecraft:brown_concrete":1,"epicsamurai:deepslate_onyx_ore":7,"minecraft:deepslate_diamond_ore":6,"epicsamurai:silver_ore":3,"minecraft:grass_block":3,"minecraft:moss_block":1,"epicsamurai:deepslate_jade_ore":3,"minecraft:raw_iron_block":1,"minecraft:furnace":14,"minecraft:iron_ore":40,"minecraft:cobbled_deepslate":2,"treechop:chopped_log":2,"spelunkers_charm:deepslate_rock_pile_2":2,"minecraft:deepslate_iron_ore":76,"epicsamurai:deepslate_silver_ore":16,"minecraft:stone":87,"minecraft:pink_terracotta":1,"minecraft:smithing_table":1,"minecraft:gray_terracotta":5,"epicsamurai:deepslate_aquamarine_ore":12,"minecraft:crafting_table":16,"minecraft:torch":3,"minecraft:blast_furnace":4,"minecraft:oak_wood":1,"minecraft:deepslate_gold_ore":20,"minecraft:oak_planks":1,"supplementaries:urn":1,"minecraft:sweet_berry_bush":4,"minecraft:oak_log":1,"minecraft:coal_ore":53,"biomesoplenty:fir_leaves":2,"minecraft:dirt":7,"minecraft:brown_terracotta":2,"minecraft:deepslate":40},"minecraft:custom":{"minecraft:interact_with_smithing_table":1,"minecraft:mob_kills":56,"minecraft:interact_with_crafting_table":28,"minecraft:interact_with_campfire":6,"minecraft:leave_game":1,"minecraft:time_since_death":12839,"minecraft:climb_one_cm":1728,"minecraft:sprint_one_cm":414553,"minecraft:walk_one_cm":320845,"minecraft:damage_blocked_by_shield":431,"minecraft:drop":55,"minecraft:damage_dealt_absorbed":230,"minecraft:talked_to_villager":1,"minecraft:play_time":96833,"minecraft:sneak_time":7213,"minecraft:deaths":3,"minecraft:walk_under_water_one_cm":47712,"minecraft:jump":2091,"minecraft:interact_with_blast_furnace":16,"minecraft:walk_on_water_one_cm":25594,"minecraft:total_world_time":97110,"minecraft:interact_with_furnace":82,"minecraft:time_since_rest":10440,"minecraft:damage_taken":2735,"minecraft:damage_dealt":6111,"minecraft:swim_one_cm":127452,"minecraft:fly_one_cm":766452,"minecraft:open_chest":7,"minecraft:crouch_one_cm":33565,"tombstone:undead_killed":21,"minecraft:fall_one_cm":53820},"minecraft:broken":{"minecraft:iron_pickaxe":1},"minecraft:used":{"minecraft:shield":7,"minecraft:cooked_salmon":7,"minecraft:iron_chestplate":1,"minecraft:torch":71,"minecraft:dirt":6,"minecraft:spruce_stairs":5,"naturalist:cooked_bass":15,"minecraft:tuff":5,"minecraft:wooden_axe":10,"minecraft:lava_bucket":1,"minecraft:iron_helmet":1,"minecraft:iron_boots":1,"minecraft:sweet_berries":5,"minecraft:furnace":15,"minecraft:oak_sapling":2,"minecraft:potato":21,"minecraft:cobbled_deepslate":38,"minecraft:iron_leggings":1,"minecraft:cooked_mutton":1,"epicfight:skillbook":5,"minecraft:water_bucket":1,"epicfight:iron_spear":7,"minecraft:stone_pickaxe":90,"minecraft:oak_planks":2,"minecraft:wooden_pickaxe":9,"ec_es_plugin:steel_katana":23,"minecraft:crafting_table":15,"minecraft:blast_furnace":3,"epicfight:stone_spear":106,"minecraft:gray_terracotta":12,"minecraft:bread":1,"minecraft:iron_pickaxe":307,"minecraft:stone_axe":14,"minecraft:cobblestone":61,"travelersbackpack:standard":2,"minecraft:cooked_porkchop":4,"minecraft:smithing_table":1,"minecraft:bucket":3},"minecraft:picked_up":{"minecraft:crafting_table":16,"minecraft:smithing_table":1,"minecraft:oak_stairs":4,"spelunkers_charm:deepslate_rock":4,"minecraft:enchanted_book":1,"minecraft:string":9,"minecraft:raw_copper":6,"epicsamurai:jade":3,"minecraft:cobbled_deepslate":46,"minecraft:beef":12,"minecraft:chest":2,"minecraft:furnace":14,"minecraft:raw_iron":115,"minecraft:stick":2,"minecraft:brown_terracotta":3,"minecraft:torch":4,"travelersbackpack:iron_tier_upgrade":1,"minecraft:spruce_stairs":5,"epicfight:skillbook":4,"minecraft:porkchop":8,"tombstone:grave_dust":3,"minecraft:arrow":20,"minecraft:rotten_flesh":11,"minecraft:saddle":1,"supplementaries:ash":4,"minecraft:mutton":1,"minecraft:white_wool":1,"minecraft:cobblestone":89,"minecraft:leather_chestplate":1,"epicfight:stone_spear":1,"minecraft:salmon":7,"minecraft:leather":3,"minecraft:potato":20,"doggytalents:rice_grains":8,"minecraft:brown_concrete":6,"minecraft:tuff":5,"minecraft:oak_log":16,"travelersbackpack:gold_tier_upgrade":1,"minecraft:dirt":13,"naturalist:bass":15,"minecraft:bone":19,"minecraft:gray_terracotta":24,"minecraft:bow":2,"minecraft:raw_gold":20,"minecraft:spore_blossom":1,"epicsamurai:iron_samurai_chestplate_master":1,"epicsamurai:aquamarine":12,"minecraft:moss_block":17,"epicsamurai:raw_silver":19,"epicsamurai:onyx":14,"minecraft:cooked_porkchop":4,"minecraft:sweet_berries":20,"minecraft:raw_iron_block":1,"epicfight:uchigatana":1,"minecraft:blast_furnace":4,"minecraft:oak_wood":5,"minecraft:diamond":6,"minecraft:stone_axe":1,"minecraft:golden_horse_armor":2,"minecraft:emerald":5,"minecraft:oak_sapling":5,"minecraft:coal":185},"minecraft:killed_by":{"minecraft:creeper":2,"alexsmobs:centipede_head":1},"minecraft:crafted":{"epicsamurai:iron_samurai_chestplate_master":1,"minecraft:oak_planks":64,"minecraft:smooth_stone":3,"epicsamurai:silver_ingot":4,"epicfight:iron_spear":1,"minecraft:furnace":3,"minecraft:blast_furnace":1,"minecraft:stone":3,"naturalist:cooked_bass":15,"minecraft:cooked_mutton":1,"minecraft:iron_boots":1,"minecraft:stone_pickaxe":1,"ec_es_plugin:steel_sword":2,"epicfight:stone_spear":1,"minecraft:crafting_table":1,"minecraft:wooden_pickaxe":1,"minecraft:iron_helmet":1,"minecraft:iron_sword":1,"minecraft:smithing_table":1,"minecraft:cooked_salmon":7,"minecraft:bucket":1,"minecraft:stone_axe":1,"ec_es_plugin:steel_katana":2,"minecraft:air":0,"minecraft:iron_chestplate":1,"minecraft:shield":1,"minecraft:stick":40,"minecraft:iron_ingot":63,"minecraft:iron_pickaxe":2,"minecraft:wooden_axe":1,"minecraft:stone_sword":1,"minecraft:iron_leggings":1,"epicsamurai:steel_ingot":9,"minecraft:torch":84},"minecraft:dropped":{"minecraft:enchanted_book":1,"minecraft:bread":1,"minecraft:moss_block":17,"minecraft:spore_blossom":1,"minecraft:golden_horse_armor":1,"minecraft:cobblestone":3,"epicfight:stone_spear":2,"spelunkers_charm:deepslate_rock":4,"minecraft:stick":1,"minecraft:dirt":7,"minecraft:wooden_axe":1,"tombstone:grave_dust":3,"minecraft:iron_leggings":1,"minecraft:brown_terracotta":3,"minecraft:oak_stairs":4,"minecraft:string":1,"minecraft:bone":29,"minecraft:furnace":1,"epicfight:iron_spear":1,"minecraft:stone_axe":1,"minecraft:sweet_berries":16,"alexsmobs:animal_dictionary":1,"minecraft:raw_copper":6,"tombstone:gift":1,"minecraft:rotten_flesh":11,"minecraft:leather_chestplate":1,"supplementaries:ash":4,"minecraft:shield":1,"minecraft:oak_wood":5,"epicsamurai:iron_samurai_chestplate_master":2,"minecraft:oak_sapling":3,"minecraft:chest":2,"doggytalents:rice_grains":8,"minecraft:arrow":10,"minecraft:bow":2,"minecraft:wooden_pickaxe":1,"minecraft:stone_pickaxe":1,"minecraft:brown_concrete":6}},"DataVersion":3465}