{"stats":{"minecraft:killed":{"minecraft:skeleton":2,"alexsmobs:banana_slug":1,"naturalist:bass":13,"minecraft:skeleton_horse":1,"minecraft:pig":7,"minecraft:salmon":5,"naturalist:butterfly":1,"alexsmobs:seal":3,"minecraft:sheep":6,"alexsmobs:catfish":1,"minecraft:zombie":4,"alexsmobs:terrapin":1,"naturalist:sparrow":3,"minecraft:cow":3},"minecraft:mined":{"minecraft:mossy_cobblestone":1,"minecraft:oak_door":1,"biomesoplenty:bush":2,"minecraft:grass_block":8,"minecraft:spruce_fence":1,"iceandfire:lectern":3,"minecraft:hay_block":32,"biomesoplenty:tall_lavender":2,"minecraft:furnace":7,"minecraft:iron_ore":6,"biomesoplenty:lavender":6,"treechop:chopped_log":7,"minecraft:red_tulip":1,"minecraft:bookshelf":24,"iceandfire:podium_spruce":3,"minecraft:stone":98,"minecraft:iron_block":1,"spelunkers_charm:rock_pile_1":1,"biomesoplenty:jacaranda_leaves":2,"minecraft:acacia_leaves":1,"minecraft:crafting_table":4,"minecraft:torch":6,"minecraft:blast_furnace":2,"spelunkers_charm:dead_grass":1,"minecraft:campfire":1,"minecraft:tall_grass":7,"minecraft:cobblestone":4,"minecraft:wall_torch":1,"minecraft:purple_bed":1,"minecraft:wheat":132,"minecraft:grass":35,"minecraft:coal_ore":72,"minecraft:oak_log":2,"minecraft:gravel":4,"minecraft:dirt":37,"minecraft:oak_leaves":1,"minecraft:fern":3},"minecraft:custom":{"minecraft:mob_kills":51,"minecraft:interact_with_crafting_table":32,"minecraft:eat_cake_slice":2,"minecraft:leave_game":1,"minecraft:time_since_death":8628,"minecraft:climb_one_cm":1429,"minecraft:sprint_one_cm":441801,"minecraft:walk_one_cm":342331,"minecraft:damage_blocked_by_shield":1124,"minecraft:drop":47,"minecraft:damage_dealt_absorbed":50,"minecraft:talked_to_villager":1,"minecraft:play_time":95906,"minecraft:deaths":3,"minecraft:sneak_time":2822,"minecraft:walk_under_water_one_cm":39510,"minecraft:jump":2920,"minecraft:interact_with_blast_furnace":1,"minecraft:walk_on_water_one_cm":62135,"minecraft:total_world_time":95906,"minecraft:interact_with_furnace":72,"minecraft:interact_with_stonecutter":1,"minecraft:sleep_in_bed":3,"minecraft:time_since_rest":1826,"minecraft:damage_taken":3602,"minecraft:damage_dealt":3701,"minecraft:swim_one_cm":153407,"minecraft:fly_one_cm":1052254,"minecraft:open_chest":25,"minecraft:crouch_one_cm":14227,"tombstone:undead_killed":7,"minecraft:fall_one_cm":83813,"minecraft:horse_one_cm":11},"minecraft:broken":{"minecraft:stone_pickaxe":1,"minecraft:stone_axe":1},"minecraft:used":{"minecraft:stone_shovel":36,"minecraft:chest":1,"minecraft:shield":12,"minecraft:cooked_salmon":5,"minecraft:oak_door":2,"minecraft:torch":17,"minecraft:dirt":45,"naturalist:cooked_bass":13,"epicsamurai:iron_samurai_chestplate_master":1,"minecraft:red_tulip":1,"minecraft:furnace":7,"minecraft:oak_sapling":1,"minecraft:cooked_beef":2,"minecraft:cooked_mutton":1,"minecraft:water_bucket":7,"epicfight:iron_spear":1,"minecraft:stone_pickaxe":131,"minecraft:oak_planks":27,"minecraft:wooden_pickaxe":11,"minecraft:salmon":1,"iceandfire:podium_spruce":3,"minecraft:mossy_cobblestone":1,"minecraft:crafting_table":11,"minecraft:blast_furnace":2,"epicfight:stone_spear":59,"minecraft:bread":40,"minecraft:iron_pickaxe":62,"minecraft:oak_pressure_plate":1,"minecraft:stone_axe":102,"minecraft:cobblestone":5,"minecraft:purple_bed":1,"minecraft:cooked_porkchop":4,"minecraft:bucket":8},"minecraft:picked_up":{"minecraft:charcoal":4,"minecraft:crafting_table":4,"minecraft:wheat":139,"minecraft:item_frame":1,"iceandfire:bestiary":3,"biomesoplenty:fir_planks":1,"minecraft:beef":6,"minecraft:iron_pickaxe":1,"minecraft:chest":1,"minecraft:furnace":8,"minecraft:raw_iron":6,"minecraft:stick":9,"minecraft:oak_door":1,"minecraft:torch":8,"minecraft:porkchop":15,"tombstone:grave_dust":2,"minecraft:rotten_flesh":1,"minecraft:hay_block":31,"minecraft:red_tulip":1,"minecraft:iron_block":1,"minecraft:gold_ingot":2,"minecraft:mutton":10,"minecraft:cobblestone":100,"minecraft:white_wool":5,"biomesoplenty:lavender":1,"minecraft:salmon":6,"minecraft:leather":3,"doggytalents:rice_grains":11,"minecraft:flint":1,"minecraft:oak_log":30,"minecraft:gunpowder":2,"minecraft:dirt":67,"minecraft:lantern":3,"naturalist:bass":13,"minecraft:bone":12,"minecraft:bow":1,"minecraft:wheat_seeds":45,"minecraft:iron_ingot":2,"epicsamurai:iron_samurai_chestplate_master":1,"minecraft:oak_planks":2,"minecraft:book":72,"iceandfire:copper_nugget":4,"minecraft:cooked_porkchop":2,"iceandfire:podium_spruce":5,"epicfight:iron_spear":1,"minecraft:gravel":3,"minecraft:blast_furnace":2,"naturalist:cooked_bass":2,"alexsmobs:animal_dictionary":1,"minecraft:mossy_cobblestone":1,"minecraft:purple_bed":1,"iceandfire:lectern":3,"minecraft:chainmail_leggings":2,"minecraft:gray_wool":2,"minecraft:emerald":1,"minecraft:oak_sapling":9,"spelunkers_charm:rock":1,"minecraft:coal":123},"minecraft:killed_by":{"minecraft:drowned":1,"alexsmobs:cachalot_whale":1,"alexsmobs:grizzly_bear":1},"minecraft:dropped":{"minecraft:wheat_seeds":32,"biomesoplenty:lavender":1,"minecraft:cobblestone":2,"epicfight:stone_spear":1,"minecraft:stick":10,"minecraft:dirt":7,"iceandfire:podium_spruce":2,"tombstone:grave_dust":1,"minecraft:gold_nugget":3,"minecraft:chainmail_leggings":1,"minecraft:bone":12,"alexsmobs:animal_dictionary":1,"minecraft:wheat":1,"minecraft:rotten_flesh":1,"minecraft:oak_planks":2,"minecraft:gunpowder":2,"minecraft:charcoal":4,"spelunkers_charm:rock":1,"iceandfire:lectern":3,"doggytalents:rice_grains":7,"iceandfire:manuscript":73},"minecraft:crafted":{"minecraft:oak_door":3,"minecraft:oak_planks":120,"minecraft:stone_shovel":1,"minecraft:oak_pressure_plate":1,"minecraft:furnace":3,"naturalist:cooked_bass":11,"minecraft:cooked_mutton":10,"minecraft:flint_and_steel":1,"minecraft:stone_pickaxe":1,"minecraft:wheat":108,"minecraft:cooked_beef":6,"epicfight:stone_spear":1,"minecraft:cooked_porkchop":15,"minecraft:crafting_table":8,"minecraft:wooden_pickaxe":1,"minecraft:cooked_salmon":5,"minecraft:bucket":1,"minecraft:stone_axe":2,"minecraft:bread":82,"minecraft:air":0,"minecraft:shield":1,"minecraft:stick":24,"minecraft:iron_ingot":15,"minecraft:iron_pickaxe":1,"minecraft:stone_sword":1,"minecraft:torch":32}},"DataVersion":3465}