{
  "takesapillage:root": {
    "criteria": {
      "always": "2024-06-03 21:40:10 -0500"
    },
    "done": true
  },
  "storagedrawers:recipes/storagedrawers/one_stack_upgrade": {
    "criteria": {
      "has_template": "2024-06-03 21:40:10 -0500"
    },
    "done": true
  },
  "mcwfences:recipes/dark_oak": {
    "criteria": {
      "has_dark_oak": "2024-06-03 21:40:10 -0500"
    },
    "done": true
  },
  "mcwfences:recipes/crimson": {
    "criteria": {
      "has_crimson": "2024-06-03 21:40:10 -0500"
    },
    "done": true
  },
  "mcwfences:recipes/prismarine": {
    "criteria": {
      "has_qq": "2024-06-03 21:40:10 -0500"
    },
    "done": true
  },
  "mcwfences:recipes/quartz": {
    "criteria": {
      "has_qq": "2024-06-03 21:40:10 -0500"
    },
    "done": true
  },
  "storagedrawers:recipes/storagedrawers/diamond_storage_upgrade": {
    "criteria": {
      "has_template": "2024-06-03 21:40:10 -0500"
    },
    "done": true
  },
  "repurposed_structures:root": {
    "criteria": {
      "always": "2024-06-03 21:40:10 -0500"
    },
    "done": true
  },
  "minecraft:recipes/decorations/crafting_table": {
    "criteria": {
      "unlock_right_away": "2024-06-03 21:40:10 -0500"
    },
    "done": true
  },
  "mcwfences:recipes/jungle": {
    "criteria": {
      "has_jungle": "2024-06-03 21:40:10 -0500"
    },
    "done": true
  },
  "naturalist:recipes/food/cooked_egg": {
    "criteria": {
      "has_eggs": "2024-06-03 21:40:10 -0500"
    },
    "done": true
  },
  "storagedrawers:recipes/storagedrawers/illumination_upgrade": {
    "criteria": {
      "has_template": "2024-06-03 21:40:10 -0500"
    },
    "done": true
  },
  "mcwfences:recipes/mangrove": {
    "criteria": {
      "has_mangrove": "2024-06-03 21:40:10 -0500"
    },
    "done": true
  },
  "mcwfences:recipes/warped": {
    "criteria": {
      "has_warped": "2024-06-03 21:40:10 -0500"
    },
    "done": true
  },
  "mcwfences:recipes/nether": {
    "criteria": {
      "has_nether_brick": "2024-06-03 21:40:10 -0500"
    },
    "done": true
  },
  "storagedrawers:recipes/storagedrawers/acacia_trim": {
    "criteria": {
      "has_planks": "2024-06-03 21:40:10 -0500"
    },
    "done": true
  },
  "storagedrawers:recipes/storagedrawers/crimson_trim": {
    "criteria": {
      "has_planks": "2024-06-03 21:40:10 -0500"
    },
    "done": true
  },
  "incendium:technical/new_player": {
    "criteria": {
      "requirement": "2024-06-03 21:40:10 -0500"
    },
    "done": true
  },
  "iceandfire:iceandfire/root": {
    "criteria": {
      "tick": "2024-06-03 21:40:10 -0500"
    },
    "done": true
  },
  "mcwfences:recipes/bamboo": {
    "criteria": {
      "has_bamboo": "2024-06-03 21:40:10 -0500"
    },
    "done": true
  },
  "mcwfences:recipes/spruce": {
    "criteria": {
      "has_spruce": "2024-06-03 21:40:10 -0500"
    },
    "done": true
  },
  "storagedrawers:recipes/storagedrawers/concealment_key": {
    "criteria": {
      "has_template": "2024-06-03 21:40:10 -0500"
    },
    "done": true
  },
  "storagedrawers:recipes/storagedrawers/drawer_key": {
    "criteria": {
      "has_template": "2024-06-03 21:40:10 -0500"
    },
    "done": true
  },
  "storagedrawers:recipes/storagedrawers/min_redstone_upgrade": {
    "criteria": {
      "has_template": "2024-06-03 21:40:10 -0500"
    },
    "done": true
  },
  "mcwfences:recipes/birch": {
    "criteria": {
      "has_birch": "2024-06-03 21:40:10 -0500"
    },
    "done": true
  },
  "storagedrawers:recipes/storagedrawers/gold_storage_upgrade": {
    "criteria": {
      "has_template": "2024-06-03 21:40:10 -0500"
    },
    "done": true
  },
  "mcwfences:recipes/stone": {
    "criteria": {
      "has_stone": "2024-06-03 21:40:10 -0500"
    },
    "done": true
  },
  "mcwfences:recipes/end": {
    "criteria": {
      "has_end_brick": "2024-06-03 21:40:10 -0500"
    },
    "done": true
  },
  "mcwfences:recipes/sandstone": {
    "criteria": {
      "has_sand": "2024-06-03 21:40:10 -0500"
    },
    "done": true
  },
  "mcwfences:recipes/acacia": {
    "criteria": {
      "has_acacia": "2024-06-03 21:40:10 -0500"
    },
    "done": true
  },
  "mcwfences:recipes/oak": {
    "criteria": {
      "has_oak": "2024-06-03 21:40:10 -0500"
    },
    "done": true
  },
  "storagedrawers:recipes/storagedrawers/birch_trim": {
    "criteria": {
      "has_planks": "2024-06-03 21:40:10 -0500"
    },
    "done": true
  },
  "storagedrawers:recipes/storagedrawers/void_upgrade": {
    "criteria": {
      "has_template": "2024-06-03 21:40:10 -0500"
    },
    "done": true
  },
  "storagedrawers:recipes/storagedrawers/warped_trim": {
    "criteria": {
      "has_planks": "2024-06-03 21:40:10 -0500"
    },
    "done": true
  },
  "storagedrawers:recipes/storagedrawers/jungle_trim": {
    "criteria": {
      "has_planks": "2024-06-03 21:40:10 -0500"
    },
    "done": true
  },
  "mcwfences:recipes/mud_brick": {
    "criteria": {
      "has_qq": "2024-06-03 21:40:10 -0500"
    },
    "done": true
  },
  "storagedrawers:recipes/storagedrawers/fill_level_upgrade": {
    "criteria": {
      "has_template": "2024-06-03 21:40:10 -0500"
    },
    "done": true
  },
  "storagedrawers:recipes/storagedrawers/max_redstone_upgrade": {
    "criteria": {
      "has_template": "2024-06-03 21:40:10 -0500"
    },
    "done": true
  },
  "mcwfences:recipes/blackstone": {
    "criteria": {
      "has_blackstone": "2024-06-03 21:40:10 -0500"
    },
    "done": true
  },
  "mcwfences:recipes/hedge": {
    "criteria": {
      "has_birch": "2024-06-03 21:40:10 -0500"
    },
    "done": true
  },
  "cataclysm:root": {
    "criteria": {
      "custom_test_name": "2024-06-03 21:40:10 -0500"
    },
    "done": true
  },
  "storagedrawers:recipes/storagedrawers/redstone_upgrade": {
    "criteria": {
      "has_template": "2024-06-03 21:40:10 -0500"
    },
    "done": true
  },
  "storagedrawers:recipes/storagedrawers/spruce_trim": {
    "criteria": {
      "has_planks": "2024-06-03 21:40:10 -0500"
    },
    "done": true
  },
  "mcwfences:recipes/deepslate": {
    "criteria": {
      "has_deepslate": "2024-06-03 21:40:10 -0500"
    },
    "done": true
  },
  "farmersdelight:main/root": {
    "criteria": {
      "seeds": "2024-06-03 21:40:10 -0500"
    },
    "done": true
  },
  "storagedrawers:recipes/storagedrawers/quantify_key": {
    "criteria": {
      "has_template": "2024-06-03 21:40:10 -0500"
    },
    "done": true
  },
  "storagedrawers:recipes/storagedrawers/dark_oak_trim": {
    "criteria": {
      "has_planks": "2024-06-03 21:40:10 -0500"
    },
    "done": true
  },
  "storagedrawers:recipes/storagedrawers/oak_trim": {
    "criteria": {
      "has_planks": "2024-06-03 21:40:10 -0500"
    },
    "done": true
  },
  "storagedrawers:recipes/storagedrawers/emerald_storage_upgrade": {
    "criteria": {
      "has_template": "2024-06-03 21:40:10 -0500"
    },
    "done": true
  },
  "storagedrawers:recipes/storagedrawers/obsidian_storage_upgrade": {
    "criteria": {
      "has_template": "2024-06-03 21:40:10 -0500"
    },
    "done": true
  },
  "storagedrawers:recipes/storagedrawers/iron_storage_upgrade": {
    "criteria": {
      "has_template": "2024-06-03 21:40:10 -0500"
    },
    "done": true
  },
  "biomesoplenty:biomesoplenty/root": {
    "criteria": {
      "prairie": "2024-06-03 21:40:11 -0500"
    },
    "done": true
  },
  "incendium:technical/using/shield": {
    "criteria": {
      "log_spam_fixer": "2024-06-03 21:40:11 -0500"
    },
    "done": false
  },
  "tombstone:adventure/root": {
    "criteria": {
      "auto": "2024-06-03 21:40:11 -0500"
    },
    "done": true
  },
  "biomesoplenty:biomesoplenty/all_biomes": {
    "criteria": {
      "shrubland": "2024-06-03 21:40:23 -0500",
      "lavender_forest": "2024-06-03 22:10:40 -0500",
      "coniferous_forest": "2024-06-03 22:00:49 -0500",
      "seasonal_orchard": "2024-06-03 22:10:11 -0500",
      "fir_clearing": "2024-06-03 21:51:10 -0500",
      "prairie": "2024-06-03 21:40:11 -0500"
    },
    "done": false
  },
  "incendium:technical/scroll_of_returning": {
    "criteria": {
      "log_spam_fixer": "2024-06-03 21:40:11 -0500"
    },
    "done": false
  },
  "incendium:technical/using/ragnarok": {
    "criteria": {
      "log_spam_fixer": "2024-06-03 21:40:11 -0500"
    },
    "done": false
  },
  "incendium:technical/using/trailblazer": {
    "criteria": {
      "log_spam_fixer": "2024-06-03 21:40:11 -0500"
    },
    "done": false
  },
  "minecraft:adventure/adventuring_time": {
    "criteria": {
      "minecraft:beach": "2024-06-03 22:48:45 -0500",
      "minecraft:river": "2024-06-03 21:46:38 -0500",
      "minecraft:stony_shore": "2024-06-03 21:44:42 -0500",
      "minecraft:cold_ocean": "2024-06-03 22:59:57 -0500",
      "minecraft:flower_forest": "2024-06-03 21:40:42 -0500",
      "minecraft:plains": "2024-06-03 21:40:17 -0500"
    },
    "done": false
  },
  "minecraft:adventure/root": {
    "criteria": {
      "killed_something": "2024-06-03 21:41:35 -0500"
    },
    "done": true
  },
  "minecraft:story/mine_stone": {
    "criteria": {
      "get_stone": "2024-06-03 21:43:05 -0500"
    },
    "done": true
  },
  "minecraft:recipes/decorations/furnace": {
    "criteria": {
      "has_cobblestone": "2024-06-03 21:43:05 -0500"
    },
    "done": true
  },
  "minecraft:recipes/building_blocks/cobblestone_slab_from_cobblestone_stonecutting": {
    "criteria": {
      "has_cobblestone": "2024-06-03 21:43:05 -0500"
    },
    "done": true
  },
  "minecraft:recipes/building_blocks/stone": {
    "criteria": {
      "has_cobblestone": "2024-06-03 21:43:05 -0500"
    },
    "done": true
  },
  "minecraft:recipes/tools/stone_pickaxe": {
    "criteria": {
      "has_cobblestone": "2024-06-03 21:43:05 -0500"
    },
    "done": true
  },
  "supplementaries:recipes/turn_table": {
    "criteria": {
      "has_cobblestone": "2024-06-03 21:43:05 -0500"
    },
    "done": true
  },
  "minecraft:recipes/building_blocks/cobblestone_slab": {
    "criteria": {
      "has_cobblestone": "2024-06-03 21:43:05 -0500"
    },
    "done": true
  },
  "minecraft:recipes/decorations/cobblestone_wall_from_cobblestone_stonecutting": {
    "criteria": {
      "has_cobblestone": "2024-06-03 21:43:05 -0500"
    },
    "done": true
  },
  "minecraft:recipes/building_blocks/cobblestone_stairs": {
    "criteria": {
      "has_cobblestone": "2024-06-03 21:43:05 -0500"
    },
    "done": true
  },
  "mcwroofs:recipes/cobblestone": {
    "criteria": {
      "has_planks": "2024-06-03 21:43:05 -0500"
    },
    "done": true
  },
  "minecraft:recipes/tools/stone_shovel": {
    "criteria": {
      "has_cobblestone": "2024-06-03 21:43:05 -0500"
    },
    "done": true
  },
  "minecraft:recipes/redstone/lever": {
    "criteria": {
      "has_cobblestone": "2024-06-03 21:43:05 -0500"
    },
    "done": true
  },
  "minecraft:recipes/combat/stone_sword": {
    "criteria": {
      "has_cobblestone": "2024-06-03 21:43:05 -0500"
    },
    "done": true
  },
  "minecraft:recipes/decorations/cobblestone_wall": {
    "criteria": {
      "has_cobblestone": "2024-06-03 21:43:05 -0500"
    },
    "done": true
  },
  "minecraft:recipes/tools/stone_axe": {
    "criteria": {
      "has_cobblestone": "2024-06-03 21:43:05 -0500"
    },
    "done": true
  },
  "supplementaries:recipes/checker": {
    "criteria": {
      "has_cobblestone": "2024-06-03 21:43:05 -0500"
    },
    "done": true
  },
  "mcwbridges:recipes/cobblestone_bridge": {
    "criteria": {
      "has_planks": "2024-06-03 21:43:05 -0500"
    },
    "done": true
  },
  "mcwbridges:recipes/cobblestone_bridge_pier": {
    "criteria": {
      "has_planks": "2024-06-03 21:43:05 -0500"
    },
    "done": true
  },
  "mcwbridges:recipes/cobblestone_bridge_stair": {
    "criteria": {
      "has_planks": "2024-06-03 21:43:05 -0500"
    },
    "done": true
  },
  "mcwbridges:recipes/balustrade_cobblestone_bridge": {
    "criteria": {
      "has_planks": "2024-06-03 21:43:05 -0500"
    },
    "done": true
  },
  "minecraft:recipes/building_blocks/cobblestone_stairs_from_cobblestone_stonecutting": {
    "criteria": {
      "has_cobblestone": "2024-06-03 21:43:05 -0500"
    },
    "done": true
  },
  "mcwpaths:recipes/cobblestone": {
    "criteria": {
      "has_wood": "2024-06-03 21:43:05 -0500"
    },
    "done": true
  },
  "minecraft:recipes/tools/stone_hoe": {
    "criteria": {
      "has_cobblestone": "2024-06-03 21:43:05 -0500"
    },
    "done": true
  },
  "minecraft:recipes/decorations/ladder": {
    "criteria": {
      "has_stick": "2024-06-03 21:43:06 -0500"
    },
    "done": true
  },
  "supplementaries:recipes/crank": {
    "criteria": {
      "forge:rods/wooden": "2024-06-03 21:43:06 -0500"
    },
    "done": true
  },
  "supplementaries:recipes/flags/flag_orange": {
    "criteria": {
      "has_stick": "2024-06-03 21:43:06 -0500"
    },
    "done": true
  },
  "supplementaries:recipes/flags/flag_magenta": {
    "criteria": {
      "has_stick": "2024-06-03 21:43:06 -0500"
    },
    "done": true
  },
  "doggytalents:recipes/decorations/sunglasses": {
    "criteria": {
      "has_stick": "2024-06-03 21:43:06 -0500"
    },
    "done": true
  },
  "minecraft:recipes/tools/wooden_axe": {
    "criteria": {
      "has_stick": "2024-06-03 21:43:06 -0500"
    },
    "done": true
  },
  "doggytalents:recipes/decorations/giant_stick": {
    "criteria": {
      "has_stick": "2024-06-03 21:43:06 -0500"
    },
    "done": true
  },
  "supplementaries:recipes/daub_cross_brace": {
    "criteria": {
      "forge:rods/wooden": "2024-06-03 21:43:06 -0500"
    },
    "done": true
  },
  "supplementaries:recipes/flags/flag_pink": {
    "criteria": {
      "has_stick": "2024-06-03 21:43:06 -0500"
    },
    "done": true
  },
  "minecraft:recipes/decorations/campfire": {
    "criteria": {
      "has_stick": "2024-06-03 21:43:06 -0500"
    },
    "done": true
  },
  "supplementaries:recipes/timber_frame": {
    "criteria": {
      "forge:rods/wooden": "2024-06-03 21:43:06 -0500"
    },
    "done": true
  },
  "minecraft:recipes/tools/wooden_hoe": {
    "criteria": {
      "has_stick": "2024-06-03 21:43:06 -0500"
    },
    "done": true
  },
  "mcwholidays:recipes/standing_rake": {
    "criteria": {
      "has_planks": "2024-06-03 21:43:06 -0500"
    },
    "done": true
  },
  "supplementaries:recipes/slingshot": {
    "criteria": {
      "forge:rods/wooden": "2024-06-03 21:43:06 -0500"
    },
    "done": true
  },
  "supplementaries:recipes/timber_brace": {
    "criteria": {
      "forge:rods/wooden": "2024-06-03 21:43:06 -0500"
    },
    "done": true
  },
  "minecraft:recipes/tools/wooden_shovel": {
    "criteria": {
      "has_stick": "2024-06-03 21:43:06 -0500"
    },
    "done": true
  },
  "supplementaries:recipes/flags/flag_black": {
    "criteria": {
      "has_stick": "2024-06-03 21:43:06 -0500"
    },
    "done": true
  },
  "minecraft:recipes/combat/wooden_sword": {
    "criteria": {
      "has_stick": "2024-06-03 21:43:06 -0500"
    },
    "done": true
  },
  "supplementaries:recipes/flags/flag_green": {
    "criteria": {
      "has_stick": "2024-06-03 21:43:06 -0500"
    },
    "done": true
  },
  "supplementaries:recipes/flags/flag_purple": {
    "criteria": {
      "has_stick": "2024-06-03 21:43:06 -0500"
    },
    "done": true
  },
  "supplementaries:recipes/flags/flag_white": {
    "criteria": {
      "has_stick": "2024-06-03 21:43:06 -0500"
    },
    "done": true
  },
  "supplementaries:recipes/timber_cross_brace": {
    "criteria": {
      "forge:rods/wooden": "2024-06-03 21:43:06 -0500"
    },
    "done": true
  },
  "supplementaries:recipes/flags/flag_brown": {
    "criteria": {
      "has_stick": "2024-06-03 21:43:06 -0500"
    },
    "done": true
  },
  "supplementaries:recipes/flags/flag_gray": {
    "criteria": {
      "has_stick": "2024-06-03 21:43:06 -0500"
    },
    "done": true
  },
  "farmersdelight:recipes/combat/flint_knife": {
    "criteria": {
      "has_stick": "2024-06-03 21:43:06 -0500"
    },
    "done": true
  },
  "supplementaries:recipes/faucet": {
    "criteria": {
      "forge:rods/wooden": "2024-06-03 21:43:06 -0500"
    },
    "done": true
  },
  "supplementaries:recipes/flags/flag_light_blue": {
    "criteria": {
      "has_stick": "2024-06-03 21:43:06 -0500"
    },
    "done": true
  },
  "supplementaries:recipes/daub_brace": {
    "criteria": {
      "forge:rods/wooden": "2024-06-03 21:43:06 -0500"
    },
    "done": true
  },
  "supplementaries:recipes/flags/flag_blue": {
    "criteria": {
      "has_stick": "2024-06-03 21:43:06 -0500"
    },
    "done": true
  },
  "supplementaries:recipes/daub_frame": {
    "criteria": {
      "forge:rods/wooden": "2024-06-03 21:43:06 -0500"
    },
    "done": true
  },
  "minecraft:recipes/tools/wooden_pickaxe": {
    "criteria": {
      "has_stick": "2024-06-03 21:43:06 -0500"
    },
    "done": true
  },
  "mcwholidays:recipes/standing_broomstick": {
    "criteria": {
      "has_planks": "2024-06-03 21:43:06 -0500"
    },
    "done": true
  },
  "supplementaries:recipes/flags/flag_cyan": {
    "criteria": {
      "has_stick": "2024-06-03 21:43:06 -0500"
    },
    "done": true
  },
  "supplementaries:recipes/flags/flag_yellow": {
    "criteria": {
      "has_stick": "2024-06-03 21:43:06 -0500"
    },
    "done": true
  },
  "supplementaries:recipes/flags/flag_light_gray": {
    "criteria": {
      "has_stick": "2024-06-03 21:43:06 -0500"
    },
    "done": true
  },
  "supplementaries:recipes/flags/flag_red": {
    "criteria": {
      "has_stick": "2024-06-03 21:43:06 -0500"
    },
    "done": true
  },
  "farmersdelight:recipes/decorations/cutting_board": {
    "criteria": {
      "has_stick": "2024-06-03 21:43:06 -0500"
    },
    "done": true
  },
  "supplementaries:recipes/flags/flag_lime": {
    "criteria": {
      "has_stick": "2024-06-03 21:43:06 -0500"
    },
    "done": true
  },
  "minecraft:recipes/misc/red_dye_from_tulip": {
    "criteria": {
      "has_red_flower": "2024-06-03 21:43:07 -0500"
    },
    "done": true
  },
  "supplementaries:recipes/flower_box": {
    "criteria": {
      "has_dirt": "2024-06-03 21:43:07 -0500"
    },
    "done": true
  },
  "mcwlights:recipes/tiki_torches": {
    "criteria": {
      "has_the_recipe": "2024-06-03 21:43:25 -0500"
    },
    "done": true
  },
  "minecraft:recipes/decorations/torch": {
    "criteria": {
      "has_stone_pickaxe": "2024-06-03 21:43:25 -0500"
    },
    "done": true
  },
  "mcwlights:recipes/paper_lamp": {
    "criteria": {
      "has_the_recipe": "2024-06-03 21:43:25 -0500"
    },
    "done": true
  },
  "minecraft:story/upgrade_tools": {
    "criteria": {
      "stone_pickaxe": "2024-06-03 21:43:25 -0500"
    },
    "done": true
  },
  "mcwlights:recipes/lantern": {
    "criteria": {
      "has_the_recipe": "2024-06-03 21:43:25 -0500"
    },
    "done": true
  },
  "mcwlights:recipes/torches": {
    "criteria": {
      "has_the_recipe": "2024-06-03 21:43:25 -0500"
    },
    "done": true
  },
  "smallships:recipes/transportation/bamboo_galley": {
    "criteria": {
      "in_water": "2024-06-03 21:46:39 -0500"
    },
    "done": true
  },
  "smallships:recipes/transportation/spruce_cog": {
    "criteria": {
      "in_water": "2024-06-03 21:46:39 -0500"
    },
    "done": true
  },
  "smallships:recipes/transportation/acacia_cog": {
    "criteria": {
      "in_water": "2024-06-03 21:46:39 -0500"
    },
    "done": true
  },
  "biomesoplenty:recipes/transportation/willow_boat": {
    "criteria": {
      "in_water": "2024-06-03 21:46:39 -0500"
    },
    "done": true
  },
  "smallships:recipes/transportation/jungle_cog": {
    "criteria": {
      "in_water": "2024-06-03 21:46:39 -0500"
    },
    "done": true
  },
  "smallships:recipes/transportation/dark_oak_brigg": {
    "criteria": {
      "in_water": "2024-06-03 21:46:39 -0500"
    },
    "done": true
  },
  "smallships:recipes/transportation/birch_galley": {
    "criteria": {
      "in_water": "2024-06-03 21:46:39 -0500"
    },
    "done": true
  },
  "minecraft:recipes/transportation/cherry_boat": {
    "criteria": {
      "in_water": "2024-06-03 21:46:39 -0500"
    },
    "done": true
  },
  "biomesoplenty:recipes/transportation/umbran_boat": {
    "criteria": {
      "in_water": "2024-06-03 21:46:39 -0500"
    },
    "done": true
  },
  "smallships:recipes/transportation/oak_drakkar": {
    "criteria": {
      "in_water": "2024-06-03 21:46:39 -0500"
    },
    "done": true
  },
  "minecraft:recipes/transportation/bamboo_raft": {
    "criteria": {
      "in_water": "2024-06-03 21:46:39 -0500"
    },
    "done": true
  },
  "smallships:recipes/transportation/mangrove_brigg": {
    "criteria": {
      "in_water": "2024-06-03 21:46:39 -0500"
    },
    "done": true
  },
  "biomesoplenty:recipes/transportation/dead_boat": {
    "criteria": {
      "in_water": "2024-06-03 21:46:39 -0500"
    },
    "done": true
  },
  "biomesoplenty:recipes/transportation/magic_boat": {
    "criteria": {
      "in_water": "2024-06-03 21:46:39 -0500"
    },
    "done": true
  },
  "smallships:recipes/transportation/jungle_brigg": {
    "criteria": {
      "in_water": "2024-06-03 21:46:39 -0500"
    },
    "done": true
  },
  "smallships:recipes/transportation/spruce_galley": {
    "criteria": {
      "in_water": "2024-06-03 21:46:39 -0500"
    },
    "done": true
  },
  "smallships:recipes/transportation/birch_cog": {
    "criteria": {
      "in_water": "2024-06-03 21:46:39 -0500"
    },
    "done": true
  },
  "smallships:recipes/transportation/mangrove_drakkar": {
    "criteria": {
      "in_water": "2024-06-03 21:46:39 -0500"
    },
    "done": true
  },
  "smallships:recipes/misc/sail": {
    "criteria": {
      "in_water": "2024-06-03 21:46:39 -0500"
    },
    "done": true
  },
  "smallships:recipes/transportation/acacia_galley": {
    "criteria": {
      "in_water": "2024-06-03 21:46:39 -0500"
    },
    "done": true
  },
  "minecraft:recipes/transportation/acacia_boat": {
    "criteria": {
      "in_water": "2024-06-03 21:46:39 -0500"
    },
    "done": true
  },
  "smallships:recipes/transportation/jungle_galley": {
    "criteria": {
      "in_water": "2024-06-03 21:46:39 -0500"
    },
    "done": true
  },
  "smallships:recipes/transportation/dark_oak_galley": {
    "criteria": {
      "in_water": "2024-06-03 21:46:39 -0500"
    },
    "done": true
  },
  "smallships:recipes/transportation/bamboo_brigg": {
    "criteria": {
      "in_water": "2024-06-03 21:46:39 -0500"
    },
    "done": true
  },
  "smallships:recipes/transportation/spruce_drakkar": {
    "criteria": {
      "in_water": "2024-06-03 21:46:39 -0500"
    },
    "done": true
  },
  "minecraft:recipes/transportation/jungle_boat": {
    "criteria": {
      "in_water": "2024-06-03 21:46:39 -0500"
    },
    "done": true
  },
  "smallships:recipes/transportation/oak_brigg": {
    "criteria": {
      "in_water": "2024-06-03 21:46:39 -0500"
    },
    "done": true
  },
  "smallships:recipes/transportation/bamboo_cog": {
    "criteria": {
      "in_water": "2024-06-03 21:46:39 -0500"
    },
    "done": true
  },
  "biomesoplenty:recipes/transportation/fir_boat": {
    "criteria": {
      "in_water": "2024-06-03 21:46:39 -0500"
    },
    "done": true
  },
  "smallships:recipes/transportation/oak_cog": {
    "criteria": {
      "in_water": "2024-06-03 21:46:39 -0500"
    },
    "done": true
  },
  "smallships:recipes/transportation/oak_galley": {
    "criteria": {
      "in_water": "2024-06-03 21:46:39 -0500"
    },
    "done": true
  },
  "minecraft:recipes/transportation/spruce_boat": {
    "criteria": {
      "in_water": "2024-06-03 21:46:39 -0500"
    },
    "done": true
  },
  "smallships:recipes/transportation/acacia_brigg": {
    "criteria": {
      "in_water": "2024-06-03 21:46:39 -0500"
    },
    "done": true
  },
  "minecraft:recipes/transportation/birch_boat": {
    "criteria": {
      "in_water": "2024-06-03 21:46:39 -0500"
    },
    "done": true
  },
  "minecraft:recipes/transportation/oak_boat": {
    "criteria": {
      "in_water": "2024-06-03 21:46:39 -0500"
    },
    "done": true
  },
  "biomesoplenty:recipes/transportation/redwood_boat": {
    "criteria": {
      "in_water": "2024-06-03 21:46:39 -0500"
    },
    "done": true
  },
  "smallships:recipes/transportation/mangrove_galley": {
    "criteria": {
      "in_water": "2024-06-03 21:46:39 -0500"
    },
    "done": true
  },
  "smallships:recipes/transportation/dark_oak_cog": {
    "criteria": {
      "in_water": "2024-06-03 21:46:39 -0500"
    },
    "done": true
  },
  "smallships:recipes/transportation/birch_drakkar": {
    "criteria": {
      "in_water": "2024-06-03 21:46:39 -0500"
    },
    "done": true
  },
  "minecraft:recipes/transportation/mangrove_boat": {
    "criteria": {
      "in_water": "2024-06-03 21:46:39 -0500"
    },
    "done": true
  },
  "biomesoplenty:recipes/transportation/hellbark_boat": {
    "criteria": {
      "in_water": "2024-06-03 21:46:39 -0500"
    },
    "done": true
  },
  "smallships:recipes/transportation/dark_oak_drakkar": {
    "criteria": {
      "in_water": "2024-06-03 21:46:39 -0500"
    },
    "done": true
  },
  "biomesoplenty:recipes/transportation/jacaranda_boat": {
    "criteria": {
      "in_water": "2024-06-03 21:46:39 -0500"
    },
    "done": true
  },
  "smallships:recipes/transportation/jungle_drakkar": {
    "criteria": {
      "in_water": "2024-06-03 21:46:39 -0500"
    },
    "done": true
  },
  "biomesoplenty:recipes/transportation/mahogany_boat": {
    "criteria": {
      "in_water": "2024-06-03 21:46:39 -0500"
    },
    "done": true
  },
  "smallships:recipes/transportation/birch_brigg": {
    "criteria": {
      "in_water": "2024-06-03 21:46:39 -0500"
    },
    "done": true
  },
  "smallships:recipes/transportation/acacia_drakkar": {
    "criteria": {
      "in_water": "2024-06-03 21:46:39 -0500"
    },
    "done": true
  },
  "biomesoplenty:recipes/transportation/palm_boat": {
    "criteria": {
      "in_water": "2024-06-03 21:46:39 -0500"
    },
    "done": true
  },
  "smallships:recipes/transportation/cherry_galley": {
    "criteria": {
      "in_water": "2024-06-03 21:46:39 -0500"
    },
    "done": true
  },
  "smallships:recipes/transportation/cherry_brigg": {
    "criteria": {
      "in_water": "2024-06-03 21:46:39 -0500"
    },
    "done": true
  },
  "smallships:recipes/transportation/spruce_brigg": {
    "criteria": {
      "in_water": "2024-06-03 21:46:39 -0500"
    },
    "done": true
  },
  "smallships:recipes/transportation/mangrove_cog": {
    "criteria": {
      "in_water": "2024-06-03 21:46:39 -0500"
    },
    "done": true
  },
  "smallships:recipes/transportation/cherry_cog": {
    "criteria": {
      "in_water": "2024-06-03 21:46:39 -0500"
    },
    "done": true
  },
  "minecraft:recipes/transportation/dark_oak_boat": {
    "criteria": {
      "in_water": "2024-06-03 21:46:39 -0500"
    },
    "done": true
  },
  "naturalist:recipes/food/cooked_bass": {
    "criteria": {
      "has_bass": "2024-06-03 21:46:44 -0500"
    },
    "done": true
  },
  "minecraft:recipes/decorations/chest": {
    "criteria": {
      "has_lots_of_items": "2024-06-03 21:47:07 -0500"
    },
    "done": true
  },
  "minecraft:recipes/decorations/smoker": {
    "criteria": {
      "has_furnace": "2024-06-03 21:47:07 -0500"
    },
    "done": true
  },
  "mcwwindows:recipes/diorite": {
    "criteria": {
      "has_the_recipe": "2024-06-03 21:47:26 -0500"
    },
    "done": true
  },
  "mcwwindows:recipes/warped": {
    "criteria": {
      "has_the_recipe": "2024-06-03 21:47:26 -0500"
    },
    "done": true
  },
  "mcwwindows:recipes/dark_oak": {
    "criteria": {
      "has_the_recipe": "2024-06-03 21:47:26 -0500"
    },
    "done": true
  },
  "mcwtrpdoors:recipes/oak/oak_swamp_trapdoor": {
    "criteria": {
      "has_logs": "2024-06-03 21:47:26 -0500"
    },
    "done": true
  },
  "mcwtrpdoors:recipes/oak/oak_paper_trapdoor": {
    "criteria": {
      "has_logs": "2024-06-03 21:47:26 -0500"
    },
    "done": true
  },
  "mcwwindows:recipes/dark_prismarine": {
    "criteria": {
      "has_the_recipe": "2024-06-03 21:47:26 -0500"
    },
    "done": true
  },
  "mcwwindows:recipes/components": {
    "criteria": {
      "has_wood": "2024-06-03 21:47:26 -0500"
    },
    "done": true
  },
  "mcwwindows:recipes/birch": {
    "criteria": {
      "has_the_recipe": "2024-06-03 21:47:26 -0500"
    },
    "done": true
  },
  "mcwtrpdoors:recipes/oak/oak_glass_trapdoor": {
    "criteria": {
      "has_logs": "2024-06-03 21:47:26 -0500"
    },
    "done": true
  },
  "mcwwindows:recipes/cherry": {
    "criteria": {
      "has_the_recipe": "2024-06-03 21:47:26 -0500"
    },
    "done": true
  },
  "mcwtrpdoors:recipes/oak/oak_mystic_trapdoor": {
    "criteria": {
      "has_logs": "2024-06-03 21:47:26 -0500"
    },
    "done": true
  },
  "mcwtrpdoors:recipes/oak/oak_beach_trapdoor": {
    "criteria": {
      "has_logs": "2024-06-03 21:47:26 -0500"
    },
    "done": true
  },
  "minecraft:recipes/misc/charcoal": {
    "criteria": {
      "has_log": "2024-06-03 21:47:26 -0500"
    },
    "done": true
  },
  "mcwwindows:recipes/spruce": {
    "criteria": {
      "has_the_recipe": "2024-06-03 21:47:26 -0500"
    },
    "done": true
  },
  "mcwtrpdoors:recipes/oak/oak_cottage_trapdoor": {
    "criteria": {
      "has_logs": "2024-06-03 21:47:26 -0500"
    },
    "done": true
  },
  "minecraft:recipes/building_blocks/oak_planks": {
    "criteria": {
      "has_logs": "2024-06-03 21:47:26 -0500"
    },
    "done": true
  },
  "mcwfurnitures:recipes/oak": {
    "criteria": {
      "has_wood": "2024-06-03 21:47:26 -0500"
    },
    "done": true
  },
  "mcwwindows:recipes/stone": {
    "criteria": {
      "has_the_recipe": "2024-06-03 21:47:26 -0500"
    },
    "done": true
  },
  "mcwtrpdoors:recipes/oak/oak_barn_trapdoor": {
    "criteria": {
      "has_logs": "2024-06-03 21:47:26 -0500"
    },
    "done": true
  },
  "mcwwindows:recipes/crimson": {
    "criteria": {
      "has_the_recipe": "2024-06-03 21:47:26 -0500"
    },
    "done": true
  },
  "mcwtrpdoors:recipes/oak/oak_barred_trapdoor": {
    "criteria": {
      "has_logs": "2024-06-03 21:47:26 -0500"
    },
    "done": true
  },
  "minecraft:recipes/building_blocks/oak_wood": {
    "criteria": {
      "has_log": "2024-06-03 21:47:26 -0500"
    },
    "done": true
  },
  "mcwwindows:recipes/jungle": {
    "criteria": {
      "has_the_recipe": "2024-06-03 21:47:26 -0500"
    },
    "done": true
  },
  "mcwwindows:recipes/oak": {
    "criteria": {
      "has_wood": "2024-06-03 21:47:26 -0500"
    },
    "done": true
  },
  "mcwwindows:recipes/blackstone": {
    "criteria": {
      "has_the_recipe": "2024-06-03 21:47:26 -0500"
    },
    "done": true
  },
  "mcwtrpdoors:recipes/oak/oak_tropical_trapdoor": {
    "criteria": {
      "has_logs": "2024-06-03 21:47:26 -0500"
    },
    "done": true
  },
  "mcwtrpdoors:recipes/print_classic": {
    "criteria": {
      "has_logs": "2024-06-03 21:47:26 -0500"
    },
    "done": true
  },
  "mcwtrpdoors:recipes/oak/oak_four_panel_trapdoor": {
    "criteria": {
      "has_logs": "2024-06-03 21:47:26 -0500"
    },
    "done": true
  },
  "mcwwindows:recipes/granite": {
    "criteria": {
      "has_the_recipe": "2024-06-03 21:47:26 -0500"
    },
    "done": true
  },
  "mcwwindows:recipes/andesite": {
    "criteria": {
      "has_the_recipe": "2024-06-03 21:47:26 -0500"
    },
    "done": true
  },
  "mcwbridges:recipes/oak_bridge_pier": {
    "criteria": {
      "has_planks": "2024-06-03 21:47:26 -0500"
    },
    "done": true
  },
  "mcwwindows:recipes/mangrove": {
    "criteria": {
      "has_the_recipe": "2024-06-03 21:47:26 -0500"
    },
    "done": true
  },
  "mcwtrpdoors:recipes/acacia/oak_bark_trapdoor": {
    "criteria": {
      "has_logs": "2024-06-03 21:47:26 -0500"
    },
    "done": true
  },
  "mcwtrpdoors:recipes/oak/oak_barrel_trapdoor": {
    "criteria": {
      "has_logs": "2024-06-03 21:47:26 -0500"
    },
    "done": true
  },
  "mcwroofs:recipes/oak": {
    "criteria": {
      "has_planks": "2024-06-03 21:47:26 -0500"
    },
    "done": true
  },
  "mcwtrpdoors:recipes/oak/oak_ranch_trapdoor": {
    "criteria": {
      "has_logs": "2024-06-03 21:47:26 -0500"
    },
    "done": true
  },
  "mcwwindows:recipes/acacia": {
    "criteria": {
      "has_the_recipe": "2024-06-03 21:47:26 -0500"
    },
    "done": true
  },
  "mcwdoors:recipes/oak": {
    "criteria": {
      "has_wood": "2024-06-03 21:47:26 -0500"
    },
    "done": true
  },
  "mcwwindows:recipes/prismarine": {
    "criteria": {
      "has_the_recipe": "2024-06-03 21:47:26 -0500"
    },
    "done": true
  },
  "expanded_combat:recipes/combat/oak_plank_glaive_conditional_shaped": {
    "criteria": {
      "has_item": "2024-06-03 21:47:41 -0500"
    },
    "done": true
  },
  "minecraft:recipes/decorations/oak_sign": {
    "criteria": {
      "has_planks": "2024-06-03 21:47:41 -0500"
    },
    "done": true
  },
  "supplementaries:recipes/lock_block": {
    "criteria": {
      "minecraft:planks": "2024-06-03 21:47:41 -0500"
    },
    "done": true
  },
  "mcwwindows:recipes/blinds": {
    "criteria": {
      "has_wood": "2024-06-03 21:47:41 -0500"
    },
    "done": true
  },
  "minecraft:recipes/misc/stick": {
    "criteria": {
      "has_planks": "2024-06-03 21:47:41 -0500"
    },
    "done": true
  },
  "mcwwindows:recipes/parapets": {
    "criteria": {
      "has_wood": "2024-06-03 21:47:41 -0500"
    },
    "done": true
  },
  "mcwbridges:recipes/oak_log_bridge_middle": {
    "criteria": {
      "has_planks": "2024-06-03 21:47:41 -0500"
    },
    "done": true
  },
  "minecraft:recipes/building_blocks/oak_slab": {
    "criteria": {
      "has_planks": "2024-06-03 21:47:41 -0500"
    },
    "done": true
  },
  "mcwroofs:recipes/oak_planks": {
    "criteria": {
      "has_planks": "2024-06-03 21:47:41 -0500"
    },
    "done": true
  },
  "minecraft:recipes/redstone/oak_fence_gate": {
    "criteria": {
      "has_planks": "2024-06-03 21:47:41 -0500"
    },
    "done": true
  },
  "mcwtrpdoors:recipes/oak/oak_blossom_trapdoor": {
    "criteria": {
      "has_plankss": "2024-06-03 21:47:41 -0500"
    },
    "done": true
  },
  "minecraft:recipes/redstone/oak_door": {
    "criteria": {
      "has_planks": "2024-06-03 21:47:41 -0500"
    },
    "done": true
  },
  "supplementaries:recipes/clock_block": {
    "criteria": {
      "minecraft:planks": "2024-06-03 21:47:41 -0500"
    },
    "done": true
  },
  "minecraft:recipes/decorations/barrel": {
    "criteria": {
      "has_planks": "2024-06-03 21:47:41 -0500"
    },
    "done": true
  },
  "mcwbridges:recipes/asian_red_bridge_pier": {
    "criteria": {
      "has_planks": "2024-06-03 21:47:41 -0500"
    },
    "done": true
  },
  "expanded_combat:recipes/combat/oak_plank_sickle_conditional_shaped": {
    "criteria": {
      "has_item": "2024-06-03 21:47:41 -0500"
    },
    "done": true
  },
  "minecraft:recipes/redstone/oak_trapdoor": {
    "criteria": {
      "has_planks": "2024-06-03 21:47:41 -0500"
    },
    "done": true
  },
  "mcwpaths:recipes/oak": {
    "criteria": {
      "has_wood": "2024-06-03 21:47:41 -0500"
    },
    "done": true
  },
  "expanded_combat:recipes/combat/oak_plank_katana_conditional_shaped": {
    "criteria": {
      "has_item": "2024-06-03 21:47:41 -0500"
    },
    "done": true
  },
  "supplementaries:recipes/bed_from_feather_block": {
    "criteria": {
      "minecraft:planks": "2024-06-03 21:47:41 -0500"
    },
    "done": true
  },
  "expanded_combat:recipes/combat/oak_plank_cutlass_conditional_shaped": {
    "criteria": {
      "has_item": "2024-06-03 21:47:41 -0500"
    },
    "done": true
  },
  "minecraft:recipes/building_blocks/oak_stairs": {
    "criteria": {
      "has_planks": "2024-06-03 21:47:41 -0500"
    },
    "done": true
  },
  "minecraft:recipes/decorations/oak_fence": {
    "criteria": {
      "has_planks": "2024-06-03 21:47:41 -0500"
    },
    "done": true
  },
  "expanded_combat:recipes/combat/oak_plank_battle_staff_conditional_shaped": {
    "criteria": {
      "has_item": "2024-06-03 21:47:41 -0500"
    },
    "done": true
  },
  "iceandfire:recipes/misc/earplugs": {
    "criteria": {
      "has_item": "2024-06-03 21:47:41 -0500"
    },
    "done": true
  },
  "supplementaries:recipes/speaker_block": {
    "criteria": {
      "minecraft:planks": "2024-06-03 21:47:41 -0500"
    },
    "done": true
  },
  "mcwbridges:recipes/asian_red_bridge": {
    "criteria": {
      "has_planks": "2024-06-03 21:47:41 -0500"
    },
    "done": true
  },
  "expanded_combat:recipes/combat/oak_plank_claymore_conditional_shaped": {
    "criteria": {
      "has_item": "2024-06-03 21:47:41 -0500"
    },
    "done": true
  },
  "expanded_combat:recipes/combat/oak_plank_dagger_conditional_shaped": {
    "criteria": {
      "has_item": "2024-06-03 21:47:41 -0500"
    },
    "done": true
  },
  "mcwwindows:recipes/shutters": {
    "criteria": {
      "has_wood": "2024-06-03 21:47:41 -0500"
    },
    "done": true
  },
  "mcwbridges:recipes/rope_oak_bridge": {
    "criteria": {
      "has_planks": "2024-06-03 21:47:41 -0500"
    },
    "done": true
  },
  "minecraft:recipes/redstone/oak_button": {
    "criteria": {
      "has_planks": "2024-06-03 21:47:41 -0500"
    },
    "done": true
  },
  "mcwbridges:recipes/oak_rail_bridge": {
    "criteria": {
      "has_planks": "2024-06-03 21:47:41 -0500"
    },
    "done": true
  },
  "expanded_combat:recipes/combat/oak_plank_mace_conditional_shaped": {
    "criteria": {
      "has_item": "2024-06-03 21:47:41 -0500"
    },
    "done": true
  },
  "supplementaries:recipes/notice_board": {
    "criteria": {
      "minecraft:planks": "2024-06-03 21:47:41 -0500"
    },
    "done": true
  },
  "expanded_combat:recipes/combat/oak_plank_great_hammer_conditional_shaped": {
    "criteria": {
      "has_item": "2024-06-03 21:47:41 -0500"
    },
    "done": true
  },
  "expanded_combat:recipes/combat/oak_plank_scythe_conditional_shaped": {
    "criteria": {
      "has_item": "2024-06-03 21:47:41 -0500"
    },
    "done": true
  },
  "minecraft:recipes/redstone/oak_pressure_plate": {
    "criteria": {
      "has_planks": "2024-06-03 21:47:41 -0500"
    },
    "done": true
  },
  "expanded_combat:recipes/combat/oak_plank_flail_conditional_shaped": {
    "criteria": {
      "has_item": "2024-06-03 21:47:41 -0500"
    },
    "done": true
  },
  "expanded_combat:recipes/combat/oak_plank_broad_sword_conditional_shaped": {
    "criteria": {
      "has_item": "2024-06-03 21:47:41 -0500"
    },
    "done": true
  },
  "supplementaries:recipes/pulley": {
    "criteria": {
      "minecraft:planks": "2024-06-03 21:47:41 -0500"
    },
    "done": true
  },
  "expanded_combat:recipes/combat/oak_plank_spear_conditional_shaped": {
    "criteria": {
      "has_item": "2024-06-03 21:47:41 -0500"
    },
    "done": true
  },
  "expanded_combat:recipes/combat/oak_plank_dancer_s_sword_conditional_shaped": {
    "criteria": {
      "has_item": "2024-06-03 21:47:41 -0500"
    },
    "done": true
  },
  "minecraft:husbandry/root": {
    "criteria": {
      "consumed_item": "2024-06-03 21:48:39 -0500"
    },
    "done": true
  },
  "supplementaries:recipes/soap": {
    "criteria": {
      "has_porkchop": "2024-06-03 21:50:36 -0500"
    },
    "done": true
  },
  "minecraft:recipes/food/cooked_porkchop": {
    "criteria": {
      "has_porkchop": "2024-06-03 21:50:36 -0500"
    },
    "done": true
  },
  "minecraft:recipes/food/cooked_porkchop_from_smoking": {
    "criteria": {
      "has_porkchop": "2024-06-03 21:50:36 -0500"
    },
    "done": true
  },
  "iceandfire:recipes/misc/dragon_meal": {
    "criteria": {
      "has_item": "2024-06-03 21:50:36 -0500"
    },
    "done": true
  },
  "farmersdelight:recipes/cooking/noodle_soup": {
    "criteria": {
      "has_any_ingredient": "2024-06-03 21:50:36 -0500"
    },
    "done": true
  },
  "minecraft:recipes/food/cooked_porkchop_from_campfire_cooking": {
    "criteria": {
      "has_porkchop": "2024-06-03 21:50:36 -0500"
    },
    "done": true
  },
  "farmersdelight:recipes/cooking/pumpkin_soup": {
    "criteria": {
      "has_any_ingredient": "2024-06-03 21:50:36 -0500"
    },
    "done": true
  },
  "expanded_combat:recipes/combat/fletched_sticks_conditional_fletching": {
    "criteria": {
      "has_item": "2024-06-03 21:50:51 -0500"
    },
    "done": true
  },
  "supplementaries:recipes/feather_block": {
    "criteria": {
      "has_feather": "2024-06-03 21:50:51 -0500"
    },
    "done": true
  },
  "doggytalents:recipes/tools/feathered_mantle": {
    "criteria": {
      "has_feather": "2024-06-03 21:50:51 -0500"
    },
    "done": true
  },
  "minecraft:recipes/combat/arrow": {
    "criteria": {
      "has_feather": "2024-06-03 21:50:51 -0500"
    },
    "done": true
  },
  "biomesoplenty:recipes/building_blocks/fir_wood": {
    "criteria": {
      "has_log": "2024-06-03 21:51:09 -0500"
    },
    "done": true
  },
  "biomesoplenty:recipes/building_blocks/fir_planks": {
    "criteria": {
      "has_logs": "2024-06-03 21:51:09 -0500"
    },
    "done": true
  },
  "doggytalents:recipes/food/uncooked_rice_bowl": {
    "criteria": {
      "has_dtn_rice_grains": "2024-06-03 21:51:10 -0500"
    },
    "done": true
  },
  "doggytalents:recipes/food/training_treat": {
    "criteria": {
      "has_dtn_rice_grains": "2024-06-03 21:51:10 -0500"
    },
    "done": true
  },
  "minecraft:adventure/kill_all_mobs": {
    "criteria": {
      "minecraft:skeleton": "2024-06-03 22:21:27 -0500",
      "minecraft:spider": "2024-06-03 21:51:33 -0500",
      "minecraft:creeper": "2024-06-03 22:30:43 -0500",
      "minecraft:zombie": "2024-06-03 21:51:45 -0500"
    },
    "done": false
  },
  "minecraft:adventure/kill_a_mob": {
    "criteria": {
      "minecraft:spider": "2024-06-03 21:51:33 -0500"
    },
    "done": true
  },
  "doggytalents:recipes/decorations/pianist_suit": {
    "criteria": {
      "has_string": "2024-06-03 21:51:34 -0500"
    },
    "done": true
  },
  "doggytalents:recipes/decorations/bowtie": {
    "criteria": {
      "has_string": "2024-06-03 21:51:34 -0500"
    },
    "done": true
  },
  "minecraft:recipes/redstone/tripwire_hook": {
    "criteria": {
      "has_string": "2024-06-03 21:51:34 -0500"
    },
    "done": true
  },
  "supplementaries:recipes/bomb": {
    "criteria": {
      "has_string": "2024-06-03 21:51:34 -0500"
    },
    "done": true
  },
  "doggytalents:recipes/decorations/wig": {
    "criteria": {
      "has_string": "2024-06-03 21:51:34 -0500"
    },
    "done": true
  },
  "minecraft:recipes/decorations/candle": {
    "criteria": {
      "has_string": "2024-06-03 21:51:34 -0500"
    },
    "done": true
  },
  "doggytalents:recipes/decorations/locator_orb_shin": {
    "criteria": {
      "has_string": "2024-06-03 21:51:34 -0500"
    },
    "done": true
  },
  "doggytalents:recipes/decorations/bach_wig": {
    "criteria": {
      "has_string": "2024-06-03 21:51:34 -0500"
    },
    "done": true
  },
  "doggytalents:recipes/decorations/wool_collar": {
    "criteria": {
      "has_string": "2024-06-03 21:51:34 -0500"
    },
    "done": true
  },
  "doggytalents:recipes/misc/gender_bone": {
    "criteria": {
      "has_string": "2024-06-03 21:51:34 -0500"
    },
    "done": true
  },
  "minecraft:recipes/combat/crossbow": {
    "criteria": {
      "has_string": "2024-06-03 21:51:34 -0500"
    },
    "done": true
  },
  "supplementaries:recipes/sack": {
    "criteria": {
      "has_string": "2024-06-03 21:51:34 -0500"
    },
    "done": true
  },
  "minecraft:recipes/combat/bow": {
    "criteria": {
      "has_string": "2024-06-03 21:51:34 -0500"
    },
    "done": true
  },
  "doggytalents:recipes/decorations/guard_suit": {
    "criteria": {
      "has_string": "2024-06-03 21:51:34 -0500"
    },
    "done": true
  },
  "minecraft:recipes/tools/fishing_rod": {
    "criteria": {
      "has_string": "2024-06-03 21:51:34 -0500"
    },
    "done": true
  },
  "doggytalents:recipes/decorations/locator_orb_rei": {
    "criteria": {
      "has_string": "2024-06-03 21:51:34 -0500"
    },
    "done": true
  },
  "doggytalents:recipes/decorations/wool_collar_thicc": {
    "criteria": {
      "has_string": "2024-06-03 21:51:34 -0500"
    },
    "done": true
  },
  "doggytalents:recipes/tools/empty_locator_orb": {
    "criteria": {
      "has_string": "2024-06-03 21:51:34 -0500"
    },
    "done": true
  },
  "doggytalents:recipes/decorations/tengu_mask": {
    "criteria": {
      "has_string": "2024-06-03 21:51:34 -0500"
    },
    "done": true
  },
  "doggytalents:recipes/decorations/locator_orb_jin": {
    "criteria": {
      "has_string": "2024-06-03 21:51:34 -0500"
    },
    "done": true
  },
  "doggytalents:recipes/decorations/kitsune_mask": {
    "criteria": {
      "has_string": "2024-06-03 21:51:34 -0500"
    },
    "done": true
  },
  "minecraft:recipes/building_blocks/white_wool_from_string": {
    "criteria": {
      "has_string": "2024-06-03 21:51:34 -0500"
    },
    "done": true
  },
  "doggytalents:recipes/decorations/locator_orb_chu": {
    "criteria": {
      "has_string": "2024-06-03 21:51:34 -0500"
    },
    "done": true
  },
  "doggytalents:recipes/decorations/locator_orb_chi": {
    "criteria": {
      "has_string": "2024-06-03 21:51:34 -0500"
    },
    "done": true
  },
  "doggytalents:recipes/decorations/locator_orb_tei": {
    "criteria": {
      "has_string": "2024-06-03 21:51:34 -0500"
    },
    "done": true
  },
  "doggytalents:recipes/decorations/locator_orb_ko": {
    "criteria": {
      "has_string": "2024-06-03 21:51:34 -0500"
    },
    "done": true
  },
  "minecraft:recipes/decorations/loom": {
    "criteria": {
      "has_string": "2024-06-03 21:51:34 -0500"
    },
    "done": true
  },
  "doggytalents:recipes/decorations/locator_orb_gi": {
    "criteria": {
      "has_string": "2024-06-03 21:51:34 -0500"
    },
    "done": true
  },
  "farmersdelight:recipes/cooking/dog_food": {
    "criteria": {
      "has_any_ingredient": "2024-06-03 21:51:45 -0500"
    },
    "done": true
  },
  "farmersdelight:recipes/building_blocks/organic_compost_from_rotten_flesh": {
    "criteria": {
      "has_rotten_flesh": "2024-06-03 21:51:45 -0500"
    },
    "done": true
  },
  "supplementaries:recipes/decorations/biomesoplenty/sign_post_fir": {
    "criteria": {
      "has_planks": "2024-06-03 21:55:09 -0500"
    },
    "done": true
  },
  "biomesoplenty:recipes/decorations/fir_fence": {
    "criteria": {
      "has_planks": "2024-06-03 21:55:09 -0500"
    },
    "done": true
  },
  "biomesoplenty:recipes/redstone/fir_button": {
    "criteria": {
      "has_planks": "2024-06-03 21:55:09 -0500"
    },
    "done": true
  },
  "biomesoplenty:recipes/redstone/fir_door": {
    "criteria": {
      "has_planks": "2024-06-03 21:55:09 -0500"
    },
    "done": true
  },
  "biomesoplenty:recipes/building_blocks/fir_stairs": {
    "criteria": {
      "has_planks": "2024-06-03 21:55:09 -0500"
    },
    "done": true
  },
  "biomesoplenty:recipes/building_blocks/fir_slab": {
    "criteria": {
      "has_planks": "2024-06-03 21:55:09 -0500"
    },
    "done": true
  },
  "biomesoplenty:recipes/redstone/fir_fence_gate": {
    "criteria": {
      "has_planks": "2024-06-03 21:55:09 -0500"
    },
    "done": true
  },
  "biomesoplenty:recipes/decorations/fir_sign": {
    "criteria": {
      "has_fir_planks": "2024-06-03 21:55:09 -0500"
    },
    "done": true
  },
  "biomesoplenty:recipes/redstone/fir_trapdoor": {
    "criteria": {
      "has_planks": "2024-06-03 21:55:09 -0500"
    },
    "done": true
  },
  "biomesoplenty:recipes/redstone/fir_pressure_plate": {
    "criteria": {
      "has_planks": "2024-06-03 21:55:09 -0500"
    },
    "done": true
  },
  "doggytalents:recipes/food/breeding_bone": {
    "criteria": {
      "has_cooked_porkchop": "2024-06-03 21:55:28 -0500"
    },
    "done": true
  },
  "doggytalents:recipes/food/sausage": {
    "criteria": {
      "has_cooked_porkchop": "2024-06-03 21:55:28 -0500"
    },
    "done": true
  },
  "minecraft:husbandry/balanced_diet": {
    "criteria": {
      "cooked_porkchop": "2024-06-03 21:55:31 -0500",
      "sweet_berries": "2024-06-03 22:39:23 -0500",
      "apple": "2024-06-03 22:33:03 -0500",
      "potato": "2024-06-03 22:54:03 -0500",
      "bread": "2024-06-03 22:16:10 -0500"
    },
    "done": false
  },
  "minecraft:recipes/misc/magenta_dye_from_lilac": {
    "criteria": {
      "has_lilac": "2024-06-03 21:56:35 -0500"
    },
    "done": true
  },
  "aquamirae:adventure/root": {
    "criteria": {
      "crafting_table": "2024-06-03 21:56:48 -0500"
    },
    "done": true
  },
  "expanded_combat:root": {
    "criteria": {
      "crafting_table": "2024-06-03 21:56:48 -0500"
    },
    "done": true
  },
  "minecraft:story/root": {
    "criteria": {
      "crafting_table": "2024-06-03 21:56:48 -0500"
    },
    "done": true
  },
  "tombstone:adventure/first_grave": {
    "criteria": {
      "coded_trigger": "2024-06-03 21:58:28 -0500"
    },
    "done": true
  },
  "tombstone:recipes/from_grave_key": {
    "criteria": {
      "has_ingredient": "2024-06-03 21:58:29 -0500"
    },
    "done": true
  },
  "farmersdelight:recipes/food/grilled_salmon": {
    "criteria": {
      "has_salmon": "2024-06-03 22:00:06 -0500"
    },
    "done": true
  },
  "minecraft:recipes/food/cooked_salmon_from_campfire_cooking": {
    "criteria": {
      "has_salmon": "2024-06-03 22:00:06 -0500"
    },
    "done": true
  },
  "farmersdelight:recipes/cooking/fish_stew": {
    "criteria": {
      "has_any_ingredient": "2024-06-03 22:00:06 -0500"
    },
    "done": true
  },
  "minecraft:recipes/food/cooked_salmon": {
    "criteria": {
      "has_salmon": "2024-06-03 22:00:06 -0500"
    },
    "done": true
  },
  "minecraft:recipes/food/cooked_salmon_from_smoking": {
    "criteria": {
      "has_salmon": "2024-06-03 22:00:06 -0500"
    },
    "done": true
  },
  "minecraft:recipes/building_blocks/raw_iron_block": {
    "criteria": {
      "has_raw_iron": "2024-06-03 22:01:04 -0500"
    },
    "done": true
  },
  "minecraft:recipes/misc/iron_ingot_from_blasting_raw_iron": {
    "criteria": {
      "has_raw_iron": "2024-06-03 22:01:04 -0500"
    },
    "done": true
  },
  "minecraft:recipes/misc/iron_ingot_from_smelting_raw_iron": {
    "criteria": {
      "has_raw_iron": "2024-06-03 22:01:04 -0500"
    },
    "done": true
  },
  "mcwbridges:recipes/bridge_lantern": {
    "criteria": {
      "has_planks": "2024-06-03 22:01:09 -0500"
    },
    "done": true
  },
  "minecraft:recipes/building_blocks/coal_block": {
    "criteria": {
      "has_coal": "2024-06-03 22:01:09 -0500"
    },
    "done": true
  },
  "mcwbridges:recipes/bridge_torch": {
    "criteria": {
      "has_planks": "2024-06-03 22:05:46 -0500"
    },
    "done": true
  },
  "supplementaries:recipes/sconce": {
    "criteria": {
      "has_torch": "2024-06-03 22:05:46 -0500"
    },
    "done": true
  },
  "naturalist:recipes/food/cake": {
    "criteria": {
      "has_the_recipe": "2024-06-03 22:10:17 -0500"
    },
    "done": true
  },
  "minecraft:recipes/food/cooked_chicken_from_campfire_cooking": {
    "criteria": {
      "has_chicken": "2024-06-03 22:10:17 -0500"
    },
    "done": true
  },
  "farmersdelight:recipes/cooking/chicken_soup": {
    "criteria": {
      "has_any_ingredient": "2024-06-03 22:10:17 -0500"
    },
    "done": true
  },
  "farmersdelight:recipes/food/fried_egg_from_campfire_cooking": {
    "criteria": {
      "fried_egg": "2024-06-03 22:10:17 -0500"
    },
    "done": true
  },
  "farmersdelight:recipes/cooking/baked_cod_stew": {
    "criteria": {
      "has_any_ingredient": "2024-06-03 22:10:17 -0500"
    },
    "done": true
  },
  "minecraft:recipes/food/cooked_chicken_from_smoking": {
    "criteria": {
      "has_chicken": "2024-06-03 22:10:17 -0500"
    },
    "done": true
  },
  "farmersdelight:recipes/food/fried_egg_from_smoking": {
    "criteria": {
      "fried_egg": "2024-06-03 22:10:17 -0500"
    },
    "done": true
  },
  "minecraft:recipes/food/cake": {
    "criteria": {
      "has_egg": "2024-06-03 22:10:17 -0500"
    },
    "done": true
  },
  "minecraft:recipes/food/cooked_chicken": {
    "criteria": {
      "has_chicken": "2024-06-03 22:10:17 -0500"
    },
    "done": true
  },
  "supplementaries:recipes/pancake_fd": {
    "criteria": {
      "forge:eggs": "2024-06-03 22:10:17 -0500"
    },
    "done": true
  },
  "farmersdelight:recipes/cooking/fried_rice": {
    "criteria": {
      "has_any_ingredient": "2024-06-03 22:10:17 -0500"
    },
    "done": true
  },
  "doggytalents:recipes/food/egg_sandwich": {
    "criteria": {
      "has_egg": "2024-06-03 22:10:17 -0500"
    },
    "done": true
  },
  "farmersdelight:recipes/food/fried_egg": {
    "criteria": {
      "fried_egg": "2024-06-03 22:10:17 -0500"
    },
    "done": true
  },
  "minecraft:recipes/brewing/golden_carrot": {
    "criteria": {
      "has_gold_nugget": "2024-06-03 22:11:47 -0500"
    },
    "done": true
  },
  "iceandfire:recipes/food/gold_pile": {
    "criteria": {
      "has_item": "2024-06-03 22:11:47 -0500"
    },
    "done": true
  },
  "minecraft:recipes/misc/gold_ingot_from_nuggets": {
    "criteria": {
      "has_gold_nugget": "2024-06-03 22:11:47 -0500"
    },
    "done": true
  },
  "supplementaries:recipes/key": {
    "criteria": {
      "has_gold_nugget": "2024-06-03 22:11:47 -0500"
    },
    "done": true
  },
  "storagedrawers:recipes/storagedrawers/acacia_drawers": {
    "criteria": {
      "has_chest": "2024-06-03 22:11:59 -0500"
    },
    "done": true
  },
  "minecraft:recipes/redstone/lectern": {
    "criteria": {
      "has_book": "2024-06-03 22:11:59 -0500"
    },
    "done": true
  },
  "storagedrawers:recipes/storagedrawers/dark_oak_drawers": {
    "criteria": {
      "has_chest": "2024-06-03 22:11:59 -0500"
    },
    "done": true
  },
  "minecraft:recipes/misc/writable_book": {
    "criteria": {
      "has_book": "2024-06-03 22:11:59 -0500"
    },
    "done": true
  },
  "mcwholidays:recipes/cornered_cobweb": {
    "criteria": {
      "has_planks": "2024-06-03 22:11:59 -0500"
    },
    "done": true
  },
  "storagedrawers:recipes/storagedrawers/warped_drawers": {
    "criteria": {
      "has_chest": "2024-06-03 22:11:59 -0500"
    },
    "done": true
  },
  "mcwholidays:recipes/spooky_cobweb": {
    "criteria": {
      "has_planks": "2024-06-03 22:11:59 -0500"
    },
    "done": true
  },
  "storagedrawers:recipes/storagedrawers/oak_drawers": {
    "criteria": {
      "has_chest": "2024-06-03 22:11:59 -0500"
    },
    "done": true
  },
  "minecraft:recipes/building_blocks/bookshelf": {
    "criteria": {
      "has_book": "2024-06-03 22:11:59 -0500"
    },
    "done": true
  },
  "storagedrawers:recipes/storagedrawers/jungle_drawers": {
    "criteria": {
      "has_chest": "2024-06-03 22:11:59 -0500"
    },
    "done": true
  },
  "mcwholidays:recipes/outlined_cobweb": {
    "criteria": {
      "has_planks": "2024-06-03 22:11:59 -0500"
    },
    "done": true
  },
  "minecraft:recipes/building_blocks/chiseled_bookshelf": {
    "criteria": {
      "has_book": "2024-06-03 22:11:59 -0500"
    },
    "done": true
  },
  "storagedrawers:recipes/storagedrawers/birch_drawers": {
    "criteria": {
      "has_chest": "2024-06-03 22:11:59 -0500"
    },
    "done": true
  },
  "iceandfire:recipes/food/ambrosia": {
    "criteria": {
      "has_item": "2024-06-03 22:11:59 -0500"
    },
    "done": true
  },
  "storagedrawers:recipes/storagedrawers/crimson_drawers": {
    "criteria": {
      "has_chest": "2024-06-03 22:11:59 -0500"
    },
    "done": true
  },
  "iceandfire:recipes/misc/bestiary": {
    "criteria": {
      "has_item": "2024-06-03 22:11:59 -0500"
    },
    "done": true
  },
  "storagedrawers:recipes/storagedrawers/spruce_drawers": {
    "criteria": {
      "has_chest": "2024-06-03 22:11:59 -0500"
    },
    "done": true
  },
  "mcwholidays:recipes/chaotic_cobweb": {
    "criteria": {
      "has_planks": "2024-06-03 22:11:59 -0500"
    },
    "done": true
  },
  "mcwholidays:recipes/pyramid_cobweb": {
    "criteria": {
      "has_planks": "2024-06-03 22:11:59 -0500"
    },
    "done": true
  },
  "mcwholidays:recipes/half_cobweb": {
    "criteria": {
      "has_planks": "2024-06-03 22:11:59 -0500"
    },
    "done": true
  },
  "mcwholidays:recipes/triangle_cobweb": {
    "criteria": {
      "has_planks": "2024-06-03 22:11:59 -0500"
    },
    "done": true
  },
  "mcwholidays:recipes/hanging_cobweb": {
    "criteria": {
      "has_planks": "2024-06-03 22:11:59 -0500"
    },
    "done": true
  },
  "iceandfire:recipes/building_blocks/silver_nugget_to_silver_ingot": {
    "criteria": {
      "has_silver_nugget": "2024-06-03 22:12:31 -0500"
    },
    "done": true
  },
  "iceandfire:recipes/decorations/copper_pile": {
    "criteria": {
      "has_item": "2024-06-03 22:12:33 -0500"
    },
    "done": true
  },
  "iceandfire:recipes/misc/copper_nuggets_to_ingot": {
    "criteria": {
      "has_item": "2024-06-03 22:12:33 -0500"
    },
    "done": true
  },
  "doggytalents:recipes/decorations/baker_hat": {
    "criteria": {
      "has_bread": "2024-06-03 22:13:52 -0500"
    },
    "done": true
  },
  "doggytalents:recipes/decorations/hot_dog": {
    "criteria": {
      "has_bread": "2024-06-03 22:13:52 -0500"
    },
    "done": true
  },
  "minecraft:recipes/food/baked_potato_from_campfire_cooking": {
    "criteria": {
      "has_potato": "2024-06-03 22:13:54 -0500"
    },
    "done": true
  },
  "minecraft:recipes/food/baked_potato": {
    "criteria": {
      "has_potato": "2024-06-03 22:13:54 -0500"
    },
    "done": true
  },
  "farmersdelight:recipes/cooking/beef_stew": {
    "criteria": {
      "has_any_ingredient": "2024-06-03 22:13:54 -0500"
    },
    "done": true
  },
  "minecraft:recipes/food/baked_potato_from_smoking": {
    "criteria": {
      "has_potato": "2024-06-03 22:13:54 -0500"
    },
    "done": true
  },
  "farmersdelight:main/get_fd_seed": {
    "criteria": {
      "tomato_seeds": "2024-06-03 22:13:56 -0500"
    },
    "done": true
  },
  "farmersdelight:recipes/cooking/apple_cider": {
    "criteria": {
      "has_apple": "2024-06-03 22:13:57 -0500"
    },
    "done": true
  },
  "minecraft:recipes/building_blocks/emerald_block": {
    "criteria": {
      "has_emerald": "2024-06-03 22:14:06 -0500"
    },
    "done": true
  },
  "minecraft:recipes/food/cooked_beef_from_smoking": {
    "criteria": {
      "has_beef": "2024-06-03 22:14:31 -0500"
    },
    "done": true
  },
  "farmersdelight:recipes/cooking/pasta_with_meatballs": {
    "criteria": {
      "has_any_ingredient": "2024-06-03 22:14:31 -0500"
    },
    "done": true
  },
  "minecraft:recipes/food/cooked_beef": {
    "criteria": {
      "has_beef": "2024-06-03 22:14:31 -0500"
    },
    "done": true
  },
  "minecraft:recipes/food/cooked_beef_from_campfire_cooking": {
    "criteria": {
      "has_beef": "2024-06-03 22:14:31 -0500"
    },
    "done": true
  },
  "minecraft:recipes/misc/iron_nugget_from_smelting": {
    "criteria": {
      "has_iron_pickaxe": "2024-06-03 22:14:47 -0500"
    },
    "done": true
  },
  "minecraft:story/iron_tools": {
    "criteria": {
      "iron_pickaxe": "2024-06-03 22:14:47 -0500"
    },
    "done": true
  },
  "minecraft:recipes/misc/iron_nugget_from_blasting": {
    "criteria": {
      "has_iron_pickaxe": "2024-06-03 22:14:47 -0500"
    },
    "done": true
  },
  "mcwholidays:recipes/cat_wall_deco_1": {
    "criteria": {
      "has_planks": "2024-06-03 22:16:25 -0500"
    },
    "done": true
  },
  "mcwholidays:recipes/witch_hat_wall_deco_2": {
    "criteria": {
      "has_planks": "2024-06-03 22:16:25 -0500"
    },
    "done": true
  },
  "mcwholidays:recipes/witch_hat_wall_deco_1": {
    "criteria": {
      "has_planks": "2024-06-03 22:16:25 -0500"
    },
    "done": true
  },
  "doggytalents:recipes/decorations/head_band_blank": {
    "criteria": {
      "has_paper": "2024-06-03 22:16:25 -0500"
    },
    "done": true
  },
  "doggytalents:recipes/decorations/birthday_hat_alt": {
    "criteria": {
      "has_paper": "2024-06-03 22:16:25 -0500"
    },
    "done": true
  },
  "supplementaries:recipes/candy": {
    "criteria": {
      "has_paper": "2024-06-03 22:16:25 -0500"
    },
    "done": true
  },
  "supplementaries:recipes/present": {
    "criteria": {
      "has_paper": "2024-06-03 22:16:25 -0500"
    },
    "done": true
  },
  "mcwholidays:recipes/bat_wall_deco_3": {
    "criteria": {
      "has_planks": "2024-06-03 22:16:25 -0500"
    },
    "done": true
  },
  "mcwholidays:recipes/bat_wall_deco_2": {
    "criteria": {
      "has_planks": "2024-06-03 22:16:25 -0500"
    },
    "done": true
  },
  "mcwholidays:recipes/bat_wall_deco_1": {
    "criteria": {
      "has_planks": "2024-06-03 22:16:25 -0500"
    },
    "done": true
  },
  "minecraft:recipes/misc/book": {
    "criteria": {
      "has_paper": "2024-06-03 22:16:25 -0500"
    },
    "done": true
  },
  "mcwholidays:recipes/spider_wall_deco_1": {
    "criteria": {
      "has_planks": "2024-06-03 22:16:25 -0500"
    },
    "done": true
  },
  "mcwholidays:recipes/spider_wall_deco_2": {
    "criteria": {
      "has_planks": "2024-06-03 22:16:25 -0500"
    },
    "done": true
  },
  "mcwholidays:recipes/pumpkin_wall_deco_1": {
    "criteria": {
      "has_planks": "2024-06-03 22:16:25 -0500"
    },
    "done": true
  },
  "mcwholidays:recipes/pumpkin_wall_deco_2": {
    "criteria": {
      "has_planks": "2024-06-03 22:16:25 -0500"
    },
    "done": true
  },
  "mcwholidays:recipes/ghost_wall_deco_2": {
    "criteria": {
      "has_planks": "2024-06-03 22:16:25 -0500"
    },
    "done": true
  },
  "mcwholidays:recipes/ghost_wall_deco_1": {
    "criteria": {
      "has_planks": "2024-06-03 22:16:25 -0500"
    },
    "done": true
  },
  "minecraft:recipes/decorations/cartography_table": {
    "criteria": {
      "has_paper": "2024-06-03 22:16:25 -0500"
    },
    "done": true
  },
  "iceandfire:iceandfire/rotten_egg": {
    "criteria": {
      "bestiary": "2024-06-03 22:16:33 -0500"
    },
    "done": true
  },
  "minecraft:recipes/tools/golden_axe": {
    "criteria": {
      "has_gold_ingot": "2024-06-03 22:16:57 -0500"
    },
    "done": true
  },
  "expanded_combat:recipes/combat/gold_great_hammer_conditional_shaped": {
    "criteria": {
      "has_item": "2024-06-03 22:16:57 -0500"
    },
    "done": true
  },
  "minecraft:recipes/tools/golden_pickaxe": {
    "criteria": {
      "has_gold_ingot": "2024-06-03 22:16:57 -0500"
    },
    "done": true
  },
  "minecraft:recipes/misc/gold_nugget": {
    "criteria": {
      "has_gold_ingot": "2024-06-03 22:16:57 -0500"
    },
    "done": true
  },
  "minecraft:recipes/tools/golden_shovel": {
    "criteria": {
      "has_gold_ingot": "2024-06-03 22:16:57 -0500"
    },
    "done": true
  },
  "minecraft:recipes/food/golden_apple": {
    "criteria": {
      "has_gold_ingot": "2024-06-03 22:16:57 -0500"
    },
    "done": true
  },
  "minecraft:recipes/combat/golden_boots": {
    "criteria": {
      "has_gold_ingot": "2024-06-03 22:16:57 -0500"
    },
    "done": true
  },
  "minecraft:recipes/combat/golden_chestplate": {
    "criteria": {
      "has_gold_ingot": "2024-06-03 22:16:57 -0500"
    },
    "done": true
  },
  "farmersdelight:recipes/combat/golden_knife": {
    "criteria": {
      "has_gold_ingot": "2024-06-03 22:16:57 -0500"
    },
    "done": true
  },
  "expanded_combat:recipes/combat/gold_stick_conditional_shaped": {
    "criteria": {
      "has_item": "2024-06-03 22:16:57 -0500"
    },
    "done": true
  },
  "expanded_combat:recipes/combat/gold_broad_sword_conditional_shaped": {
    "criteria": {
      "has_item": "2024-06-03 22:16:57 -0500"
    },
    "done": true
  },
  "minecraft:recipes/redstone/light_weighted_pressure_plate": {
    "criteria": {
      "has_gold_ingot": "2024-06-03 22:16:57 -0500"
    },
    "done": true
  },
  "expanded_combat:recipes/combat/gold_katana_conditional_shaped": {
    "criteria": {
      "has_item": "2024-06-03 22:16:57 -0500"
    },
    "done": true
  },
  "expanded_combat:recipes/combat/gold_sickle_conditional_shaped": {
    "criteria": {
      "has_item": "2024-06-03 22:16:57 -0500"
    },
    "done": true
  },
  "expanded_combat:recipes/combat/gold_bow_conditional_120_smithing": {
    "criteria": {
      "has_item": "2024-06-03 22:16:57 -0500"
    },
    "done": true
  },
  "expanded_combat:recipes/combat/gold_bow_conditional_shaped": {
    "criteria": {
      "has_item": "2024-06-03 22:16:57 -0500"
    },
    "done": true
  },
  "expanded_combat:recipes/combat/gold_glaive_conditional_shaped": {
    "criteria": {
      "has_item": "2024-06-03 22:16:57 -0500"
    },
    "done": true
  },
  "minecraft:recipes/combat/golden_sword": {
    "criteria": {
      "has_gold_ingot": "2024-06-03 22:16:57 -0500"
    },
    "done": true
  },
  "minecraft:recipes/building_blocks/gold_block": {
    "criteria": {
      "has_gold_ingot": "2024-06-03 22:16:57 -0500"
    },
    "done": true
  },
  "expanded_combat:recipes/combat/gold_gauntlet_conditional_shaped": {
    "criteria": {
      "has_item": "2024-06-03 22:16:57 -0500"
    },
    "done": true
  },
  "expanded_combat:recipes/combat/gold_mace_conditional_shaped": {
    "criteria": {
      "has_item": "2024-06-03 22:16:57 -0500"
    },
    "done": true
  },
  "expanded_combat:recipes/combat/gold_flail_conditional_shaped": {
    "criteria": {
      "has_item": "2024-06-03 22:16:57 -0500"
    },
    "done": true
  },
  "supplementaries:recipes/hourglass": {
    "criteria": {
      "has_gold_ingot": "2024-06-03 22:16:57 -0500"
    },
    "done": true
  },
  "doggytalents:recipes/tools/shrinking_mallet": {
    "criteria": {
      "has_gold_ingot": "2024-06-03 22:16:57 -0500"
    },
    "done": true
  },
  "expanded_combat:recipes/combat/gold_quiver_conditional_shaped": {
    "criteria": {
      "has_item": "2024-06-03 22:16:57 -0500"
    },
    "done": true
  },
  "expanded_combat:recipes/combat/gold_spear_conditional_shaped": {
    "criteria": {
      "has_item": "2024-06-03 22:16:57 -0500"
    },
    "done": true
  },
  "minecraft:recipes/combat/golden_helmet": {
    "criteria": {
      "has_gold_ingot": "2024-06-03 22:16:57 -0500"
    },
    "done": true
  },
  "supplementaries:recipes/gold_trapdoor": {
    "criteria": {
      "has_gold_ingot": "2024-06-03 22:16:57 -0500"
    },
    "done": true
  },
  "expanded_combat:recipes/combat/gold_dancer_s_sword_conditional_shaped": {
    "criteria": {
      "has_item": "2024-06-03 22:16:57 -0500"
    },
    "done": true
  },
  "ec_es_plugin:recipes/combat/gold_ninja_gauntlet_conditional_shaped": {
    "criteria": {
      "has_item": "2024-06-03 22:16:57 -0500"
    },
    "done": true
  },
  "expanded_combat:recipes/combat/gold_battle_staff_conditional_shaped": {
    "criteria": {
      "has_item": "2024-06-03 22:16:57 -0500"
    },
    "done": true
  },
  "doggytalents:recipes/tools/magnifying_bone": {
    "criteria": {
      "has_gold_ingot": "2024-06-03 22:16:57 -0500"
    },
    "done": true
  },
  "expanded_combat:recipes/combat/gold_claymore_conditional_shaped": {
    "criteria": {
      "has_item": "2024-06-03 22:16:57 -0500"
    },
    "done": true
  },
  "doggytalents:recipes/tools/canine_tracker": {
    "criteria": {
      "has_gold_ingot": "2024-06-03 22:16:57 -0500"
    },
    "done": true
  },
  "expanded_combat:recipes/combat/gold_bow_conditional_shaped_skip": {
    "criteria": {
      "has_item": "2024-06-03 22:16:57 -0500"
    },
    "done": true
  },
  "expanded_combat:recipes/combat/half_gold_bow_conditional_shaped": {
    "criteria": {
      "has_item": "2024-06-03 22:16:57 -0500"
    },
    "done": true
  },
  "expanded_combat:recipes/combat/gold_dagger_conditional_shaped": {
    "criteria": {
      "has_item": "2024-06-03 22:16:57 -0500"
    },
    "done": true
  },
  "expanded_combat:recipes/combat/gold_cutlass_conditional_shaped": {
    "criteria": {
      "has_item": "2024-06-03 22:16:57 -0500"
    },
    "done": true
  },
  "expanded_combat:recipes/combat/gold_scythe_conditional_shaped": {
    "criteria": {
      "has_item": "2024-06-03 22:16:57 -0500"
    },
    "done": true
  },
  "minecraft:recipes/tools/golden_hoe": {
    "criteria": {
      "has_gold_ingot": "2024-06-03 22:16:57 -0500"
    },
    "done": true
  },
  "supplementaries:recipes/gold_door": {
    "criteria": {
      "has_gold_ingot": "2024-06-03 22:16:57 -0500"
    },
    "done": true
  },
  "expanded_combat:recipes/combat/gold_crossbow_conditional_shaped": {
    "criteria": {
      "has_item": "2024-06-03 22:16:57 -0500"
    },
    "done": true
  },
  "justhammers:recipes/tools/gold_hammer": {
    "criteria": {
      "has_material": "2024-06-03 22:16:57 -0500"
    },
    "done": true
  },
  "expanded_combat:recipes/combat/half_gold_bow_conditional_120_smithing": {
    "criteria": {
      "has_item": "2024-06-03 22:16:57 -0500"
    },
    "done": true
  },
  "minecraft:recipes/combat/golden_leggings": {
    "criteria": {
      "has_gold_ingot": "2024-06-03 22:16:57 -0500"
    },
    "done": true
  },
  "ec_es_plugin:recipes/combat/silver_gauntlet_conditional_shaped": {
    "criteria": {
      "has_item": "2024-06-03 22:17:00 -0500"
    },
    "done": true
  },
  "minecraft:recipes/redstone/lightning_rod": {
    "criteria": {
      "has_copper_ingot": "2024-06-03 22:17:37 -0500"
    },
    "done": true
  },
  "supplementaries:recipes/cog_block": {
    "criteria": {
      "has_copper_ingot": "2024-06-03 22:17:37 -0500"
    },
    "done": true
  },
  "supplementaries:recipes/wrench": {
    "criteria": {
      "has_copper_ingot": "2024-06-03 22:17:37 -0500"
    },
    "done": true
  },
  "minecraft:recipes/building_blocks/copper_block": {
    "criteria": {
      "has_copper_ingot": "2024-06-03 22:17:37 -0500"
    },
    "done": true
  },
  "minecraft:recipes/tools/brush": {
    "criteria": {
      "has_copper_ingot": "2024-06-03 22:17:37 -0500"
    },
    "done": true
  },
  "doggytalents:recipes/decorations/soul_reflector": {
    "criteria": {
      "has_copper_ingot": "2024-06-03 22:17:37 -0500"
    },
    "done": true
  },
  "supplementaries:recipes/altimeter": {
    "criteria": {
      "has_copper_ingot": "2024-06-03 22:17:37 -0500"
    },
    "done": true
  },
  "doggytalents:recipes/decorations/divine_retribution": {
    "criteria": {
      "has_copper_ingot": "2024-06-03 22:17:37 -0500"
    },
    "done": true
  },
  "iceandfire:recipes/misc/copper_ingot_to_nuggets": {
    "criteria": {
      "has_item": "2024-06-03 22:17:37 -0500"
    },
    "done": true
  },
  "minecraft:recipes/food/cooked_mutton_from_smoking": {
    "criteria": {
      "has_mutton": "2024-06-03 22:18:36 -0500"
    },
    "done": true
  },
  "mcwwindows:recipes/curtains": {
    "criteria": {
      "has_wood": "2024-06-03 22:18:36 -0500"
    },
    "done": true
  },
  "mcwholidays:recipes/skeleton_balloon": {
    "criteria": {
      "has_planks": "2024-06-03 22:18:36 -0500"
    },
    "done": true
  },
  "doggytalents:recipes/decorations/conan_suit": {
    "criteria": {
      "has_wool": "2024-06-03 22:18:36 -0500"
    },
    "done": true
  },
  "mcwholidays:recipes/ghost_balloon": {
    "criteria": {
      "has_planks": "2024-06-03 22:18:36 -0500"
    },
    "done": true
  },
  "minecraft:recipes/decorations/white_bed": {
    "criteria": {
      "has_white_wool": "2024-06-03 22:18:36 -0500"
    },
    "done": true
  },
  "doggytalents:recipes/decorations/dog_plushie_toy_item": {
    "criteria": {
      "has_white_wool": "2024-06-03 22:18:36 -0500"
    },
    "done": true
  },
  "mcwholidays:recipes/ghost": {
    "criteria": {
      "has_planks": "2024-06-03 22:18:36 -0500"
    },
    "done": true
  },
  "mcwroofs:recipes/awning": {
    "criteria": {
      "has_planks": "2024-06-03 22:18:36 -0500"
    },
    "done": true
  },
  "mcwholidays:recipes/happy_ghost": {
    "criteria": {
      "has_planks": "2024-06-03 22:18:36 -0500"
    },
    "done": true
  },
  "minecraft:recipes/decorations/painting": {
    "criteria": {
      "has_wool": "2024-06-03 22:18:36 -0500"
    },
    "done": true
  },
  "doggytalents:recipes/decorations/lab_coat": {
    "criteria": {
      "has_wool": "2024-06-03 22:18:36 -0500"
    },
    "done": true
  },
  "minecraft:recipes/decorations/white_carpet": {
    "criteria": {
      "has_white_wool": "2024-06-03 22:18:36 -0500"
    },
    "done": true
  },
  "doggytalents:recipes/decorations/beastars_uniform_male": {
    "criteria": {
      "has_wool": "2024-06-03 22:18:36 -0500"
    },
    "done": true
  },
  "minecraft:recipes/food/cooked_mutton": {
    "criteria": {
      "has_mutton": "2024-06-03 22:18:36 -0500"
    },
    "done": true
  },
  "minecraft:recipes/decorations/white_banner": {
    "criteria": {
      "has_white_wool": "2024-06-03 22:18:36 -0500"
    },
    "done": true
  },
  "minecraft:recipes/food/cooked_mutton_from_campfire_cooking": {
    "criteria": {
      "has_mutton": "2024-06-03 22:18:36 -0500"
    },
    "done": true
  },
  "farmersdelight:recipes/cooking/pasta_with_mutton_chop": {
    "criteria": {
      "has_any_ingredient": "2024-06-03 22:18:36 -0500"
    },
    "done": true
  },
  "mcwholidays:recipes/haunting_ghost": {
    "criteria": {
      "has_planks": "2024-06-03 22:18:36 -0500"
    },
    "done": true
  },
  "doggytalents:recipes/building_blocks/dog_bed_def": {
    "criteria": {
      "has_wool": "2024-06-03 22:18:36 -0500"
    },
    "done": true
  },
  "doggytalents:recipes/decorations/beastars_uniform_female": {
    "criteria": {
      "has_wool": "2024-06-03 22:18:36 -0500"
    },
    "done": true
  },
  "minecraft:recipes/combat/leather_helmet": {
    "criteria": {
      "has_leather": "2024-06-03 22:20:11 -0500"
    },
    "done": true
  },
  "expanded_combat:recipes/combat/leather_stick_conditional_shaped": {
    "criteria": {
      "has_item": "2024-06-03 22:20:11 -0500"
    },
    "done": true
  },
  "doggytalents:recipes/decorations/plague_doctor_mask": {
    "criteria": {
      "has_leather": "2024-06-03 22:20:11 -0500"
    },
    "done": true
  },
  "minecraft:recipes/combat/leather_chestplate": {
    "criteria": {
      "has_leather": "2024-06-03 22:20:11 -0500"
    },
    "done": true
  },
  "minecraft:recipes/misc/leather_horse_armor": {
    "criteria": {
      "has_leather": "2024-06-03 22:20:11 -0500"
    },
    "done": true
  },
  "doggytalents:recipes/decorations/tantan_cape": {
    "criteria": {
      "has_leather": "2024-06-03 22:20:11 -0500"
    },
    "done": true
  },
  "minecraft:recipes/decorations/item_frame": {
    "criteria": {
      "has_leather": "2024-06-03 22:20:11 -0500"
    },
    "done": true
  },
  "expanded_combat:recipes/combat/leather_quiver_conditional_shaped": {
    "criteria": {
      "has_item": "2024-06-03 22:20:11 -0500"
    },
    "done": true
  },
  "minecraft:recipes/combat/leather_boots": {
    "criteria": {
      "has_leather": "2024-06-03 22:20:11 -0500"
    },
    "done": true
  },
  "doggytalents:recipes/decorations/cape_coloured": {
    "criteria": {
      "has_leather": "2024-06-03 22:20:11 -0500"
    },
    "done": true
  },
  "minecraft:recipes/combat/leather_leggings": {
    "criteria": {
      "has_leather": "2024-06-03 22:20:11 -0500"
    },
    "done": true
  },
  "doggytalents:recipes/decorations/leather_jacket": {
    "criteria": {
      "has_leather": "2024-06-03 22:20:11 -0500"
    },
    "done": true
  },
  "expanded_combat:recipes/combat/leather_gauntlet_conditional_shaped": {
    "criteria": {
      "has_item": "2024-06-03 22:20:11 -0500"
    },
    "done": true
  },
  "iceandfire:recipes/misc/blindfold": {
    "criteria": {
      "has_item": "2024-06-03 22:20:11 -0500"
    },
    "done": true
  },
  "supplementaries:recipes/bellows": {
    "criteria": {
      "has_leather": "2024-06-03 22:20:11 -0500"
    },
    "done": true
  },
  "doggytalents:recipes/tools/treat_bag": {
    "criteria": {
      "has_leather": "2024-06-03 22:20:11 -0500"
    },
    "done": true
  },
  "iceandfire:recipes/misc/dragon_bone_wall": {
    "criteria": {
      "has_item": "2024-06-03 22:27:24 -0500"
    },
    "done": true
  },
  "iceandfire:recipes/misc/dragon_flute": {
    "criteria": {
      "has_item": "2024-06-03 22:27:24 -0500"
    },
    "done": true
  },
  "iceandfire:recipes/misc/nest": {
    "criteria": {
      "has_item": "2024-06-03 22:27:24 -0500"
    },
    "done": true
  },
  "iceandfire:recipes/combat/dragonbone_bow": {
    "criteria": {
      "has_item": "2024-06-03 22:27:24 -0500"
    },
    "done": true
  },
  "iceandfire:recipes/building_blocks/dragon_bone_block": {
    "criteria": {
      "has_dragonbone": "2024-06-03 22:27:24 -0500"
    },
    "done": true
  },
  "iceandfire:recipes/tools/dragonbone_hoe": {
    "criteria": {
      "has_item": "2024-06-03 22:27:24 -0500"
    },
    "done": true
  },
  "iceandfire:recipes/tools/dragonbone_shovel": {
    "criteria": {
      "has_item": "2024-06-03 22:27:24 -0500"
    },
    "done": true
  },
  "iceandfire:recipes/tools/dragonbone_axe": {
    "criteria": {
      "has_item": "2024-06-03 22:27:24 -0500"
    },
    "done": true
  },
  "iceandfire:recipes/tools/dragonbone_pickaxe": {
    "criteria": {
      "has_item": "2024-06-03 22:27:24 -0500"
    },
    "done": true
  },
  "iceandfire:recipes/tools/dragonbone_sword": {
    "criteria": {
      "has_item": "2024-06-03 22:27:24 -0500"
    },
    "done": true
  },
  "iceandfire:recipes/misc/dragon_horn": {
    "criteria": {
      "has_item": "2024-06-03 22:27:24 -0500"
    },
    "done": true
  },
  "mcwholidays:recipes/sitting_skeleton": {
    "criteria": {
      "has_planks": "2024-06-03 22:31:10 -0500"
    },
    "done": true
  },
  "doggytalents:recipes/tools/throw_bone": {
    "criteria": {
      "has_bone": "2024-06-03 22:31:10 -0500"
    },
    "done": true
  },
  "minecraft:recipes/misc/bone_meal": {
    "criteria": {
      "has_bone": "2024-06-03 22:31:10 -0500"
    },
    "done": true
  },
  "farmersdelight:recipes/cooking/bone_broth": {
    "criteria": {
      "has_bone": "2024-06-03 22:31:10 -0500"
    },
    "done": true
  },
  "doggytalents:recipes/tools/conducting_bone": {
    "criteria": {
      "has_bone": "2024-06-03 22:31:10 -0500"
    },
    "done": true
  },
  "iceandfire:iceandfire/lectern": {
    "criteria": {
      "bestiary": "2024-06-03 22:32:09 -0500"
    },
    "done": true
  },
  "tombstone:adventure/cancel_ghostly_shape": {
    "criteria": {
      "coded_trigger": "2024-06-03 22:32:38 -0500"
    },
    "done": true
  },
  "minecraft:recipes/redstone/dispenser": {
    "criteria": {
      "has_bow": "2024-06-03 22:32:44 -0500"
    },
    "done": true
  },
  "iceandfire:recipes/tools/silver_axe": {
    "criteria": {
      "has_the_recipe": "2024-06-03 22:36:17 -0500"
    },
    "done": true
  },
  "alexsmobs:alexsmobs/banana_slug": {
    "criteria": {
      "killed": "2024-06-03 22:38:14 -0500"
    },
    "done": true
  },
  "farmersdelight:recipes/cooking/mushroom_rice": {
    "criteria": {
      "has_any_ingredient": "2024-06-03 22:38:48 -0500"
    },
    "done": true
  },
  "farmersdelight:recipes/cooking/cooked_rice": {
    "criteria": {
      "has_rice": "2024-06-03 22:38:48 -0500"
    },
    "done": true
  },
  "farmersdelight:recipes/building_blocks/rice_bag": {
    "criteria": {
      "has_rice": "2024-06-03 22:38:48 -0500"
    },
    "done": true
  },
  "farmersdelight:recipes/food/sweet_berry_cookie": {
    "criteria": {
      "has_sweet_berries": "2024-06-03 22:39:20 -0500"
    },
    "done": true
  },
  "farmersdelight:main/plant_all_crops": {
    "criteria": {
      "sweet_berries": "2024-06-03 22:44:43 -0500"
    },
    "done": false
  },
  "minecraft:husbandry/tame_an_animal": {
    "criteria": {
      "tamed_animal": "2024-06-03 22:45:56 -0500"
    },
    "done": true
  },
  "incendium:technical/sentrys_wrath": {
    "criteria": {
      "log_spam_fixer": "2024-06-03 22:59:16 -0500"
    },
    "done": false
  },
  "incendium:technical/on_player_hurt": {
    "criteria": {
      "log_spam_fixer": "2024-06-03 22:59:16 -0500"
    },
    "done": false
  },
  "incendium:technical/on_kill": {
    "criteria": {
      "log_spam_fixer": "2024-06-03 22:59:16 -0500"
    },
    "done": false
  },
  "incendium:technical/on_inventory_change": {
    "criteria": {
      "log_spam_fixer": "2024-06-03 22:59:16 -0500"
    },
    "done": false
  },
  "incendium:technical/holy_wrath": {
    "criteria": {
      "log_spam_fixer": "2024-06-03 22:59:16 -0500"
    },
    "done": false
  },
  "incendium:technical/on_block": {
    "criteria": {
      "log_spam_fixer": "2024-06-03 22:59:16 -0500"
    },
    "done": false
  },
  "incendium:technical/inventory/sentrys_wrath": {
    "criteria": {
      "log_spam_fixer": "2024-06-03 22:59:16 -0500"
    },
    "done": false
  },
  "incendium:technical/feed_ghastling": {
    "criteria": {
      "log_spam_fixer": "2024-06-03 22:59:16 -0500"
    },
    "done": false
  },
  "incendium:technical/firestorm": {
    "criteria": {
      "log_spam_fixer": "2024-06-03 22:59:16 -0500"
    },
    "done": false
  },
  "incendium:technical/inventory/firestorm": {
    "criteria": {
      "log_spam_fixer": "2024-06-03 22:59:16 -0500"
    },
    "done": false
  },
  "incendium:technical/give_ghastling": {
    "criteria": {
      "log_spam_fixer": "2024-06-03 22:59:16 -0500"
    },
    "done": false
  },
  "incendium:technical/multiplex_crossbow": {
    "criteria": {
      "log_spam_fixer": "2024-06-03 22:59:16 -0500"
    },
    "done": false
  },
  "biomesoplenty:recipes/transportation/jacaranda_chest_boat": {
    "criteria": {
      "has_boat": "2024-06-03 22:59:48 -0500"
    },
    "done": true
  },
  "minecraft:recipes/transportation/spruce_chest_boat": {
    "criteria": {
      "has_boat": "2024-06-03 22:59:48 -0500"
    },
    "done": true
  },
  "minecraft:recipes/transportation/jungle_chest_boat": {
    "criteria": {
      "has_boat": "2024-06-03 22:59:48 -0500"
    },
    "done": true
  },
  "minecraft:recipes/transportation/mangrove_chest_boat": {
    "criteria": {
      "has_boat": "2024-06-03 22:59:48 -0500"
    },
    "done": true
  },
  "biomesoplenty:recipes/transportation/fir_chest_boat": {
    "criteria": {
      "has_boat": "2024-06-03 22:59:48 -0500"
    },
    "done": true
  },
  "biomesoplenty:recipes/transportation/palm_chest_boat": {
    "criteria": {
      "has_boat": "2024-06-03 22:59:48 -0500"
    },
    "done": true
  },
  "minecraft:recipes/transportation/oak_chest_boat": {
    "criteria": {
      "has_boat": "2024-06-03 22:59:48 -0500"
    },
    "done": true
  },
  "minecraft:recipes/transportation/bamboo_chest_raft": {
    "criteria": {
      "has_boat": "2024-06-03 22:59:48 -0500"
    },
    "done": true
  },
  "biomesoplenty:recipes/transportation/hellbark_chest_boat": {
    "criteria": {
      "has_boat": "2024-06-03 22:59:48 -0500"
    },
    "done": true
  },
  "biomesoplenty:recipes/transportation/umbran_chest_boat": {
    "criteria": {
      "has_boat": "2024-06-03 22:59:48 -0500"
    },
    "done": true
  },
  "biomesoplenty:recipes/transportation/willow_chest_boat": {
    "criteria": {
      "has_boat": "2024-06-03 22:59:48 -0500"
    },
    "done": true
  },
  "supplementaries:recipes/boat_jar": {
    "criteria": {
      "minecraft:boats": "2024-06-03 22:59:48 -0500"
    },
    "done": true
  },
  "minecraft:recipes/transportation/acacia_chest_boat": {
    "criteria": {
      "has_boat": "2024-06-03 22:59:48 -0500"
    },
    "done": true
  },
  "biomesoplenty:recipes/transportation/magic_chest_boat": {
    "criteria": {
      "has_boat": "2024-06-03 22:59:48 -0500"
    },
    "done": true
  },
  "biomesoplenty:recipes/transportation/redwood_chest_boat": {
    "criteria": {
      "has_boat": "2024-06-03 22:59:48 -0500"
    },
    "done": true
  },
  "minecraft:recipes/transportation/cherry_chest_boat": {
    "criteria": {
      "has_boat": "2024-06-03 22:59:48 -0500"
    },
    "done": true
  },
  "minecraft:recipes/transportation/birch_chest_boat": {
    "criteria": {
      "has_boat": "2024-06-03 22:59:48 -0500"
    },
    "done": true
  },
  "biomesoplenty:recipes/transportation/dead_chest_boat": {
    "criteria": {
      "has_boat": "2024-06-03 22:59:48 -0500"
    },
    "done": true
  },
  "minecraft:recipes/transportation/dark_oak_chest_boat": {
    "criteria": {
      "has_boat": "2024-06-03 22:59:48 -0500"
    },
    "done": true
  },
  "biomesoplenty:recipes/transportation/mahogany_chest_boat": {
    "criteria": {
      "has_boat": "2024-06-03 22:59:48 -0500"
    },
    "done": true
  },
  "expanded_combat:recipes/combat/iron_cutlass_conditional_shaped": {
    "criteria": {
      "has_item": "2024-06-03 23:04:34 -0500"
    },
    "done": true
  },
  "expanded_combat:recipes/combat/iron_battle_staff_conditional_shaped": {
    "criteria": {
      "has_item": "2024-06-03 23:04:34 -0500"
    },
    "done": true
  },
  "mcwtrpdoors:recipes/metal/metal_warning_trapdoor": {
    "criteria": {
      "has_logs": "2024-06-03 23:04:34 -0500"
    },
    "done": true
  },
  "supplementaries:recipes/spring_launcher": {
    "criteria": {
      "has_iron_ingot": "2024-06-03 23:04:34 -0500"
    },
    "done": true
  },
  "expanded_combat:recipes/combat/iron_glaive_conditional_shaped": {
    "criteria": {
      "has_item": "2024-06-03 23:04:34 -0500"
    },
    "done": true
  },
  "doggytalents:recipes/decorations/superdog_suit": {
    "criteria": {
      "has_iron_ingot": "2024-06-03 23:04:34 -0500"
    },
    "done": true
  },
  "expanded_combat:recipes/combat/iron_bow_conditional_120_smithing": {
    "criteria": {
      "has_item": "2024-06-03 23:04:34 -0500"
    },
    "done": true
  },
  "supplementaries:recipes/candle_holders/candle_holder_blue": {
    "criteria": {
      "has_iron_ingot": "2024-06-03 23:04:34 -0500"
    },
    "done": true
  },
  "doggytalents:recipes/combat/sussy_sickle": {
    "criteria": {
      "has_iron_ingot": "2024-06-03 23:04:34 -0500"
    },
    "done": true
  },
  "minecraft:recipes/combat/iron_helmet": {
    "criteria": {
      "has_iron_ingot": "2024-06-03 23:04:34 -0500"
    },
    "done": true
  },
  "supplementaries:recipes/candle_holders/candle_holder_lime": {
    "criteria": {
      "has_iron_ingot": "2024-06-03 23:04:34 -0500"
    },
    "done": true
  },
  "expanded_combat:recipes/combat/half_iron_bow_conditional_shaped": {
    "criteria": {
      "has_item": "2024-06-03 23:04:34 -0500"
    },
    "done": true
  },
  "mcwroofs:recipes/gutters": {
    "criteria": {
      "has_planks": "2024-06-03 23:04:34 -0500"
    },
    "done": true
  },
  "minecraft:recipes/misc/gold_nugget_from_blasting": {
    "criteria": {
      "has_golden_horse_armor": "2024-06-03 23:04:34 -0500"
    },
    "done": true
  },
  "doggytalents:recipes/tools/whistle": {
    "criteria": {
      "has_iron_ingot": "2024-06-03 23:04:34 -0500"
    },
    "done": true
  },
  "immersive_aircraft:misc/aircraftery": {
    "criteria": {
      "has_item": "2024-06-03 23:04:34 -0500"
    },
    "done": true
  },
  "supplementaries:recipes/candle_holders/candle_holder_light_blue": {
    "criteria": {
      "has_iron_ingot": "2024-06-03 23:04:34 -0500"
    },
    "done": true
  },
  "expanded_combat:recipes/combat/iron_sickle_conditional_shaped": {
    "criteria": {
      "has_item": "2024-06-03 23:04:34 -0500"
    },
    "done": true
  },
  "supplementaries:recipes/candle_holders/candle_holder_gray": {
    "criteria": {
      "has_iron_ingot": "2024-06-03 23:04:34 -0500"
    },
    "done": true
  },
  "minecraft:recipes/tools/shears": {
    "criteria": {
      "has_iron_ingot": "2024-06-03 23:04:34 -0500"
    },
    "done": true
  },
  "doggytalents:recipes/decorations/propeller_hat": {
    "criteria": {
      "has_iron_ingot": "2024-06-03 23:04:34 -0500"
    },
    "done": true
  },
  "supplementaries:recipes/cage": {
    "criteria": {
      "has_iron_ingot": "2024-06-03 23:04:34 -0500"
    },
    "done": true
  },
  "expanded_combat:recipes/combat/iron_bow_conditional_shaped": {
    "criteria": {
      "has_item": "2024-06-03 23:04:34 -0500"
    },
    "done": true
  },
  "expanded_combat:recipes/combat/iron_crossbow_conditional_shaped": {
    "criteria": {
      "has_item": "2024-06-03 23:04:34 -0500"
    },
    "done": true
  },
  "minecraft:recipes/building_blocks/iron_block": {
    "criteria": {
      "has_iron_ingot": "2024-06-03 23:04:34 -0500"
    },
    "done": true
  },
  "farmersdelight:recipes/decorations/cooking_pot": {
    "criteria": {
      "has_iron_ingot": "2024-06-03 23:04:34 -0500"
    },
    "done": true
  },
  "supplementaries:recipes/candle_holders/candle_holder_light_gray": {
    "criteria": {
      "has_iron_ingot": "2024-06-03 23:04:34 -0500"
    },
    "done": true
  },
  "expanded_combat:recipes/combat/iron_gauntlet_conditional_shaped": {
    "criteria": {
      "has_item": "2024-06-03 23:04:34 -0500"
    },
    "done": true
  },
  "mcwbridges:recipes/iron_bridge_pier": {
    "criteria": {
      "has_planks": "2024-06-03 23:04:34 -0500"
    },
    "done": true
  },
  "expanded_combat:recipes/combat/iron_spear_conditional_shaped": {
    "criteria": {
      "has_item": "2024-06-03 23:04:34 -0500"
    },
    "done": true
  },
  "expanded_combat:recipes/combat/iron_broad_sword_conditional_shaped": {
    "criteria": {
      "has_item": "2024-06-03 23:04:34 -0500"
    },
    "done": true
  },
  "ec_es_plugin:recipes/combat/iron_ninja_gauntlet_conditional_shaped": {
    "criteria": {
      "has_item": "2024-06-03 23:04:34 -0500"
    },
    "done": true
  },
  "minecraft:recipes/decorations/gray_glazed_terracotta": {
    "criteria": {
      "has_gray_terracotta": "2024-06-03 23:04:34 -0500"
    },
    "done": true
  },
  "minecraft:recipes/redstone/hopper": {
    "criteria": {
      "has_iron_ingot": "2024-06-03 23:04:34 -0500"
    },
    "done": true
  },
  "minecraft:story/lava_bucket": {
    "criteria": {
      "lava_bucket": "2024-06-03 23:04:34 -0500"
    },
    "done": true
  },
  "supplementaries:recipes/candle_holders/candle_holder_orange": {
    "criteria": {
      "has_iron_ingot": "2024-06-03 23:04:34 -0500"
    },
    "done": true
  },
  "supplementaries:recipes/candle_holders/candle_holder_purple": {
    "criteria": {
      "has_iron_ingot": "2024-06-03 23:04:34 -0500"
    },
    "done": true
  },
  "minecraft:recipes/combat/iron_boots": {
    "criteria": {
      "has_iron_ingot": "2024-06-03 23:04:34 -0500"
    },
    "done": true
  },
  "minecraft:recipes/decorations/lantern": {
    "criteria": {
      "has_iron_ingot": "2024-06-03 23:04:34 -0500"
    },
    "done": true
  },
  "supplementaries:recipes/candle_holders/candle_holder_red": {
    "criteria": {
      "has_iron_ingot": "2024-06-03 23:04:34 -0500"
    },
    "done": true
  },
  "minecraft:recipes/tools/iron_shovel": {
    "criteria": {
      "has_iron_ingot": "2024-06-03 23:04:34 -0500"
    },
    "done": true
  },
  "supplementaries:recipes/bubble_blower": {
    "criteria": {
      "has_iron_ingot": "2024-06-03 23:04:34 -0500"
    },
    "done": true
  },
  "mcwdoors:recipes/metal": {
    "criteria": {
      "has_wood": "2024-06-03 23:04:34 -0500"
    },
    "done": true
  },
  "expanded_combat:recipes/combat/iron_claymore_conditional_shaped": {
    "criteria": {
      "has_item": "2024-06-03 23:04:34 -0500"
    },
    "done": true
  },
  "mcwtrpdoors:recipes/metal/metal_full_trapdoor": {
    "criteria": {
      "has_logs": "2024-06-03 23:04:34 -0500"
    },
    "done": true
  },
  "mcwbridges:recipes/iron_bridge": {
    "criteria": {
      "has_planks": "2024-06-03 23:04:34 -0500"
    },
    "done": true
  },
  "minecraft:recipes/redstone/iron_trapdoor": {
    "criteria": {
      "has_iron_ingot": "2024-06-03 23:04:34 -0500"
    },
    "done": true
  },
  "iceandfire:recipes/combat/gold_hippogryph_armor": {
    "criteria": {
      "has_item": "2024-06-03 23:04:34 -0500"
    },
    "done": true
  },
  "minecraft:recipes/misc/firework_rocket_simple": {
    "criteria": {
      "has_gunpowder": "2024-06-03 23:04:34 -0500"
    },
    "done": true
  },
  "farmersdelight:recipes/combat/iron_knife": {
    "criteria": {
      "has_iron_ingot": "2024-06-03 23:04:34 -0500"
    },
    "done": true
  },
  "supplementaries:recipes/candle_holders/candle_holder_magenta": {
    "criteria": {
      "has_iron_ingot": "2024-06-03 23:04:34 -0500"
    },
    "done": true
  },
  "expanded_combat:recipes/combat/iron_scythe_conditional_shaped": {
    "criteria": {
      "has_item": "2024-06-03 23:04:34 -0500"
    },
    "done": true
  },
  "minecraft:recipes/redstone/heavy_weighted_pressure_plate": {
    "criteria": {
      "has_iron_ingot": "2024-06-03 23:04:34 -0500"
    },
    "done": true
  },
  "minecraft:recipes/combat/iron_leggings": {
    "criteria": {
      "has_iron_ingot": "2024-06-03 23:04:34 -0500"
    },
    "done": true
  },
  "minecraft:story/obtain_armor": {
    "criteria": {
      "iron_helmet": "2024-06-03 23:04:34 -0500"
    },
    "done": true
  },
  "expanded_combat:recipes/combat/iron_bow_conditional_shaped_skip": {
    "criteria": {
      "has_item": "2024-06-03 23:04:34 -0500"
    },
    "done": true
  },
  "minecraft:recipes/combat/iron_chestplate": {
    "criteria": {
      "has_iron_ingot": "2024-06-03 23:04:34 -0500"
    },
    "done": true
  },
  "expanded_combat:recipes/combat/iron_arrow_conditional_shaped": {
    "criteria": {
      "has_item": "2024-06-03 23:04:34 -0500"
    },
    "done": true
  },
  "minecraft:recipes/misc/gold_nugget_from_smelting": {
    "criteria": {
      "has_golden_horse_armor": "2024-06-03 23:04:34 -0500"
    },
    "done": true
  },
  "minecraft:recipes/misc/iron_nugget": {
    "criteria": {
      "has_iron_ingot": "2024-06-03 23:04:34 -0500"
    },
    "done": true
  },
  "minecraft:recipes/misc/bucket": {
    "criteria": {
      "has_iron_ingot": "2024-06-03 23:04:34 -0500"
    },
    "done": true
  },
  "minecraft:recipes/transportation/minecart": {
    "criteria": {
      "has_iron_ingot": "2024-06-03 23:04:34 -0500"
    },
    "done": true
  },
  "minecraft:recipes/tools/iron_hoe": {
    "criteria": {
      "has_iron_ingot": "2024-06-03 23:04:34 -0500"
    },
    "done": true
  },
  "supplementaries:recipes/candle_holders/candle_holder_pink": {
    "criteria": {
      "has_iron_ingot": "2024-06-03 23:04:34 -0500"
    },
    "done": true
  },
  "expanded_combat:recipes/combat/iron_dagger_conditional_shaped": {
    "criteria": {
      "has_item": "2024-06-03 23:04:34 -0500"
    },
    "done": true
  },
  "expanded_combat:recipes/combat/iron_dancer_s_sword_conditional_shaped": {
    "criteria": {
      "has_item": "2024-06-03 23:04:34 -0500"
    },
    "done": true
  },
  "mcwlights:recipes/lava_lamp": {
    "criteria": {
      "has_wood": "2024-06-03 23:04:34 -0500"
    },
    "done": true
  },
  "minecraft:story/smelt_iron": {
    "criteria": {
      "iron": "2024-06-03 23:04:34 -0500"
    },
    "done": true
  },
  "supplementaries:recipes/candle_holders/candle_holder_white": {
    "criteria": {
      "has_iron_ingot": "2024-06-03 23:04:34 -0500"
    },
    "done": true
  },
  "expanded_combat:recipes/combat/iron_mace_conditional_shaped": {
    "criteria": {
      "has_item": "2024-06-03 23:04:34 -0500"
    },
    "done": true
  },
  "minecraft:recipes/decorations/chain": {
    "criteria": {
      "has_iron_ingot": "2024-06-03 23:04:34 -0500"
    },
    "done": true
  },
  "mcwtrpdoors:recipes/metal/metal_trapdoor": {
    "criteria": {
      "has_logs": "2024-06-03 23:04:34 -0500"
    },
    "done": true
  },
  "minecraft:recipes/decorations/smithing_table": {
    "criteria": {
      "has_iron_ingot": "2024-06-03 23:04:34 -0500"
    },
    "done": true
  },
  "supplementaries:recipes/candle_holders/candle_holder_brown": {
    "criteria": {
      "has_iron_ingot": "2024-06-03 23:04:34 -0500"
    },
    "done": true
  },
  "supplementaries:recipes/goblet": {
    "criteria": {
      "has_iron_ingot": "2024-06-03 23:04:34 -0500"
    },
    "done": true
  },
  "minecraft:recipes/combat/iron_sword": {
    "criteria": {
      "has_iron_ingot": "2024-06-03 23:04:34 -0500"
    },
    "done": true
  },
  "minecraft:recipes/tools/iron_pickaxe": {
    "criteria": {
      "has_iron_ingot": "2024-06-03 23:04:34 -0500"
    },
    "done": true
  },
  "supplementaries:recipes/iron_gate": {
    "criteria": {
      "has_iron_ingot": "2024-06-03 23:04:34 -0500"
    },
    "done": true
  },
  "minecraft:recipes/combat/shield": {
    "criteria": {
      "has_iron_ingot": "2024-06-03 23:04:34 -0500"
    },
    "done": true
  },
  "expanded_combat:recipes/combat/iron_flail_conditional_shaped": {
    "criteria": {
      "has_item": "2024-06-03 23:04:34 -0500"
    },
    "done": true
  },
  "minecraft:recipes/decorations/iron_bars": {
    "criteria": {
      "has_iron_ingot": "2024-06-03 23:04:34 -0500"
    },
    "done": true
  },
  "supplementaries:recipes/candle_holders/candle_holder_black": {
    "criteria": {
      "has_iron_ingot": "2024-06-03 23:04:34 -0500"
    },
    "done": true
  },
  "justhammers:recipes/tools/iron_hammer": {
    "criteria": {
      "has_material": "2024-06-03 23:04:34 -0500"
    },
    "done": true
  },
  "expanded_combat:recipes/combat/iron_great_hammer_conditional_shaped": {
    "criteria": {
      "has_item": "2024-06-03 23:04:34 -0500"
    },
    "done": true
  },
  "expanded_combat:recipes/combat/half_iron_bow_conditional_120_smithing": {
    "criteria": {
      "has_item": "2024-06-03 23:04:34 -0500"
    },
    "done": true
  },
  "supplementaries:recipes/candle_holders/candle_holder_green": {
    "criteria": {
      "has_iron_ingot": "2024-06-03 23:04:34 -0500"
    },
    "done": true
  },
  "expanded_combat:recipes/combat/iron_quiver_conditional_shaped": {
    "criteria": {
      "has_item": "2024-06-03 23:04:34 -0500"
    },
    "done": true
  },
  "supplementaries:recipes/candle_holders/candle_holder": {
    "criteria": {
      "has_iron_ingot": "2024-06-03 23:04:34 -0500"
    },
    "done": true
  },
  "supplementaries:recipes/candle_holders/candle_holder_cyan": {
    "criteria": {
      "has_iron_ingot": "2024-06-03 23:04:34 -0500"
    },
    "done": true
  },
  "minecraft:recipes/tools/iron_axe": {
    "criteria": {
      "has_iron_ingot": "2024-06-03 23:04:34 -0500"
    },
    "done": true
  },
  "minecraft:recipes/redstone/tnt": {
    "criteria": {
      "has_gunpowder": "2024-06-03 23:04:34 -0500"
    },
    "done": true
  },
  "expanded_combat:recipes/combat/iron_katana_conditional_shaped": {
    "criteria": {
      "has_item": "2024-06-03 23:04:34 -0500"
    },
    "done": true
  },
  "mcwbridges:recipes/pliers": {
    "criteria": {
      "has_planks": "2024-06-03 23:04:34 -0500"
    },
    "done": true
  },
  "supplementaries:recipes/candle_holders/candle_holder_yellow": {
    "criteria": {
      "has_iron_ingot": "2024-06-03 23:04:34 -0500"
    },
    "done": true
  },
  "doggytalents:recipes/building_blocks/dog_bath": {
    "criteria": {
      "has_iron_ingot": "2024-06-03 23:04:34 -0500"
    },
    "done": true
  },
  "doggytalents:recipes/building_blocks/food_bowl": {
    "criteria": {
      "has_iron_ingot": "2024-06-03 23:04:34 -0500"
    },
    "done": true
  },
  "minecraft:recipes/redstone/iron_door": {
    "criteria": {
      "has_iron_ingot": "2024-06-03 23:04:34 -0500"
    },
    "done": true
  },
  "mcwlights:recipes/garden_light": {
    "criteria": {
      "has_wood": "2024-06-03 23:04:34 -0500"
    },
    "done": true
  },
  "DataVersion": 3465
}